ticker,year,mnir_score_pros,mnir_score_cons,mnir_ai_productivity
AAT,2014,0.0,0.0,0.0
AAT,2015,0.0,0.0,0.0
AAT,2016,0.0,0.0,0.0
AAT,2017,0.0,0.0,0.0
AAT,2018,0.0,0.0,0.0
AAT,2019,0.0,0.0,0.0
AAT,2020,0.0,0.0,0.0
AAT,2021,0.0,0.0,0.0
AAT,2022,0.0,0.0,0.0
AAT,2023,0.0,0.0,0.0
AAT,2024,0.0,0.0,0.0
AAT,2025,0.0,0.0,0.0
ABR,2009,0.0,0.0,0.0
ABR,2012,0.0,0.0,0.0
ABR,2016,0.0,0.0,0.0
ABR,2017,0.0,0.0,0.0
ABR,2018,0.0,0.0,0.0
ABR,2019,0.0,0.0,0.0
ABR,2020,0.0,0.0,0.0
ABR,2021,0.0,0.0,0.0
ABR,2022,0.0,0.0,0.0
ABR,2023,0.0,0.0,0.0
ABR,2024,0.0,0.0,0.0
ABR,2025,0.0,0.0,0.0
ADC,2018,0.0,0.0,0.0
ADC,2019,0.0,0.0,0.0
ADC,2021,0.0,0.0,0.0
ADC,2022,0.0,0.0,0.0
ADC,2023,0.0,0.0,0.0
ADC,2024,0.0,0.0,0.0
ADC,2025,0.0,0.0,0.0
AHH,2011,0.0,0.0,0.0
AHH,2016,0.0,0.0,0.0
AHH,2017,0.0,0.0,0.0
AHH,2018,0.0,0.0,0.0
AHH,2019,0.0,0.0,0.0
AHH,2020,0.0,0.0,0.0
AHH,2021,0.0,0.0,0.0
AHH,2022,0.0,0.0,0.0
AHH,2023,0.0,0.0,0.0
AHH,2024,0.0,0.0,0.0
AHR,2022,0.0,0.0,0.0
AHR,2023,0.0,0.0,0.0
AHR,2024,0.0,0.0,0.0
AHR,2025,0.0,0.0,0.0
AHT,2015,0.0,0.0,0.0
AHT,2016,0.0,0.0,0.0
AHT,2017,0.0,0.0,0.0
AHT,2020,0.0,0.0,0.0
AHT,2021,0.0,0.0,0.0
AHT,2022,0.0,0.0,0.0
AHT,2023,0.0,0.0,0.0
AHT,2024,0.0,0.0,0.0
AHT,2025,0.0,0.0,0.0
ALEX,2008,0.0,0.0,0.0
ALEX,2014,0.0,0.0,0.0
ALEX,2015,0.0,0.0,0.0
ALEX,2020,0.0,0.0,0.0
ALEX,2021,0.0,0.0,0.0
ALEX,2023,0.0,0.0,0.0
ALX,2010,0.0,0.0,0.0
ALX,2020,0.0,0.0,0.0
ALX,2021,0.0,0.0,0.0
ALX,2024,0.0,0.0,0.0
AMH,2013,0.0,0.0,0.0
AMH,2014,0.0,0.0,0.0
AMH,2015,0.0,0.0,0.0
AMH,2016,0.0,0.0,0.0
AMH,2017,0.0,0.0,0.0
AMH,2018,0.0,0.0,0.0
AMH,2019,0.0,0.0,0.0
AMH,2020,0.0,0.0,0.0
AMH,2021,0.0,0.0,0.0
AMH,2022,0.0,0.0,0.0
AMH,2023,0.0,0.0,0.0
AMH,2024,0.0,0.0,0.0
AMH,2025,0.0,0.0,0.0
AMT,2008,0.0,0.0,0.0
AMT,2009,0.0,0.0,0.0
AMT,2010,0.0,0.0,0.0
AMT,2011,0.0,0.0,0.0
AMT,2012,0.0,0.0,0.0
AMT,2013,0.0,0.0,0.0
AMT,2014,0.0,0.0,0.0
AMT,2015,0.0,0.0,0.0
AMT,2016,0.0,0.0,0.0
AMT,2017,0.0,0.0,0.0
AMT,2018,0.0,0.0,0.0
AMT,2019,0.0,0.0,0.0
AMT,2020,0.0,0.0,0.0
AMT,2021,0.0,0.0,0.0
AMT,2022,0.0,0.0,0.0
AMT,2023,0.0,0.0,0.0
AMT,2024,0.0,0.0,0.0
AMT,2025,0.0,0.0,0.0
AOMR,2020,0.0,0.0,0.0
AOMR,2021,0.0,0.0,0.0
AOMR,2022,0.0,0.0,0.0
AOMR,2023,0.0,0.0,0.0
AOMR,2024,0.0,0.0,0.0
AOMR,2025,0.0,0.0,0.0
APLE,2015,0.0,0.0,0.0
APLE,2016,0.0,0.0,0.0
APLE,2017,0.0,0.0,0.0
APLE,2020,0.0,0.0,0.0
APLE,2021,0.0,0.0,0.0
APLE,2022,0.0,0.0,0.0
APLE,2023,0.0,0.0,0.0
APLE,2024,0.0,0.0,0.0
ARE,2013,0.0,0.0,0.0
ARE,2014,0.0,0.0,0.0
ARE,2015,0.0,0.0,0.0
ARE,2016,0.0,0.0,0.0
ARE,2017,0.0,0.0,0.0
ARE,2018,0.0,0.0,0.0
ARE,2019,0.0,0.0,0.0
ARE,2020,0.0,0.0,0.0
ARE,2021,0.0,0.0,0.0
ARE,2022,0.0,0.0,0.0
ARE,2023,0.0,0.0,0.0
ARE,2024,0.0,0.0,0.0
ARE,2025,0.0,0.0,0.0
BDN,2011,0.0,0.0,0.0
BDN,2012,0.0,0.0,0.0
BDN,2013,0.0,0.0,0.0
BDN,2014,0.0,0.0,0.0
BDN,2015,0.0,0.0,0.0
BDN,2016,0.0,0.0,0.0
BDN,2017,0.0,0.0,0.0
BDN,2018,0.0,0.0,0.0
BDN,2019,0.0,0.0,0.0
BDN,2020,0.0,0.0,0.0
BDN,2021,0.0,0.0,0.0
BDN,2022,0.0,0.0,0.0
BDN,2023,0.0,0.0,0.0
BDN,2024,0.0,0.0,0.0
BDN,2025,0.0,0.0,0.0
BFS,2016,0.0,0.0,0.0
BFS,2022,0.0,0.0,0.0
BFS,2025,0.0,0.0,0.0
BNL,2019,0.0,0.0,0.0
BNL,2022,0.0,0.0,0.0
BNL,2024,0.0,0.0,0.0
BNL,2025,0.0,0.0,0.0
BRG,2021,0.0,0.0,0.0
BRG,2022,0.0,0.0,0.0
BRSP,2025,0.0,0.0,0.0
BRX,2012,0.0,0.0,0.0
BRX,2013,0.0,0.0,0.0
BRX,2014,0.0,0.0,0.0
BRX,2015,0.0,0.0,0.0
BRX,2016,0.0,0.0,0.0
BRX,2017,0.0,0.0,0.0
BRX,2018,0.0,0.0,0.0
BRX,2019,0.0,0.0,0.0
BRX,2020,0.0,0.0,0.0
BRX,2021,0.0,0.0,0.0
BRX,2022,0.0,0.0,0.0
BRX,2023,0.0,0.0,0.0
BRX,2024,0.0,0.0,0.0
BRX,2025,0.0,0.0,0.0
BXP,2008,0.0,0.0,0.0
BXP,2009,0.0,0.0,0.0
BXP,2010,0.0,0.0,0.0
BXP,2011,0.0,0.0,0.0
BXP,2012,0.0,0.0,0.0
BXP,2013,0.0,0.0,0.0
BXP,2014,0.0,0.0,0.0
BXP,2015,0.0,0.0,0.0
BXP,2016,0.0,0.0,0.0
BXP,2017,0.0,0.0,0.0
BXP,2018,0.0,0.0,0.0
BXP,2019,0.0,0.0,0.0
BXP,2020,0.0,0.0,0.0
BXP,2021,0.0,0.0,0.0
BXP,2022,0.0,0.0,0.0
BXP,2023,0.0,0.0,0.0
BXP,2024,0.0,0.0,0.0
BXP,2025,0.0,0.0,0.0
CBL,2008,0.0,0.0,0.0
CBL,2010,0.0,0.0,0.0
CBL,2011,0.0,0.0,0.0
CBL,2012,0.0,0.0,0.0
CBL,2013,0.0,0.0,0.0
CBL,2014,0.0,0.0,0.0
CBL,2015,0.0,0.0,0.0
CBL,2016,0.0,0.0,0.0
CBL,2017,0.0,0.0,0.0
CBL,2018,0.0,0.0,0.0
CBL,2019,0.0,0.0,0.0
CBL,2020,0.0,0.0,0.0
CBL,2021,0.0,0.0,0.0
CBL,2022,0.0,0.0,0.0
CBL,2023,0.0,0.0,0.0
CBL,2024,0.0,0.0,0.0
CBL,2025,0.0,0.0,0.0
CCI,2012,0.0,0.0,0.0
CCI,2013,0.0,0.0,0.0
CCI,2014,0.0,0.0,0.0
CCI,2015,0.0,0.0,0.0
CCI,2016,0.0,0.0,0.0
CCI,2017,0.0,0.0,0.0
CCI,2018,0.0,0.0,0.0
CCI,2019,0.0,0.0,0.0
CCI,2020,0.0,0.0,0.0
CCI,2021,0.0,0.0,0.0
CCI,2022,0.0,0.0,0.0
CCI,2023,0.0,0.0,0.0
CCI,2024,0.0,0.0,0.0
CCI,2025,0.0,0.0,0.0
CDP,2012,0.0,0.0,0.0
CDP,2016,0.0,0.0,0.0
CDP,2017,0.0,0.0,0.0
CDP,2018,0.0,0.0,0.0
CDP,2019,0.0,0.0,0.0
CDP,2020,0.0,0.0,0.0
CDP,2021,0.0,0.0,0.0
CDP,2022,0.0,0.0,0.0
CDP,2023,0.0,0.0,0.0
CDP,2025,0.0,0.0,0.0
CLDT,2015,0.0,0.0,0.0
CLDT,2019,0.0,0.0,0.0
CLDT,2021,0.0,0.0,0.0
COLD,2010,0.0,0.0,0.0
COLD,2011,0.0,0.0,0.0
COLD,2012,0.0,0.0,0.0
COLD,2013,0.0,0.0,0.0
COLD,2014,0.0,0.0,0.0
COLD,2015,0.0,0.0,0.0
COLD,2016,0.0,0.0,0.0
COLD,2017,0.0,0.0,0.0
COLD,2018,0.0,0.0,0.0
COLD,2019,0.0,0.0,0.0
COLD,2020,0.0,0.0,0.0
COLD,2021,0.0,0.0,0.0
COLD,2022,0.0,0.0,0.0
COLD,2023,0.0,0.0,0.0
COLD,2024,0.0,0.0,0.0
COLD,2025,0.0,0.0,0.0
CPT,2010,0.0,0.0,0.0
CPT,2011,0.0,0.0,0.0
CPT,2012,0.0,0.0,0.0
CPT,2013,0.0,0.0,0.0
CPT,2014,0.0,0.0,0.0
CPT,2015,0.0,0.0,0.0
CPT,2016,0.0,0.0,0.0
CPT,2017,0.0,0.0,0.0
CPT,2018,0.0,0.0,0.0
CPT,2019,0.0,0.0,0.0
CPT,2020,0.0,0.0,0.0
CPT,2021,0.0,0.0,0.0
CPT,2022,0.0,0.0,0.0
CPT,2023,0.0,0.0,0.0
CPT,2024,0.0,0.0,0.0
CPT,2025,0.0,0.0,0.0
CSR,2013,0.0,0.0,0.0
CSR,2014,0.0,0.0,0.0
CSR,2015,0.0,0.0,0.0
CSR,2016,0.0,0.0,0.0
CSR,2017,0.0,0.0,0.0
CSR,2018,0.0,0.0,0.0
CSR,2019,0.0,0.0,0.0
CSR,2020,0.0,0.0,0.0
CSR,2021,0.0,0.0,0.0
CSR,2022,0.0,0.0,0.0
CSR,2023,0.0,0.0,0.0
CSR,2024,0.0,0.0,0.0
CSR,2025,0.0,0.0,0.0
CUBE,2009,0.0,0.0,0.0
CUBE,2010,0.0,0.0,0.0
CUBE,2011,0.0,0.0,0.0
CUBE,2012,0.0,0.0,0.0
CUBE,2013,0.0,0.0,0.0
CUBE,2014,0.0,0.0,0.0
CUBE,2015,0.0,0.0,0.0
CUBE,2016,0.0,0.0,0.0
CUBE,2017,0.0,0.0,0.0
CUBE,2018,0.0,0.0,0.0
CUBE,2019,0.0,0.0,0.0
CUBE,2020,0.0,0.0,0.0
CUBE,2021,0.0,0.0,0.0
CUBE,2022,0.0,0.0,0.0
CUBE,2023,0.0,0.0,0.0
CUBE,2024,0.0,0.0,0.0
CUBE,2025,0.0,0.0,0.0
CUZ,2015,0.0,0.0,0.0
CUZ,2016,0.0,0.0,0.0
CUZ,2017,0.0,0.0,0.0
CUZ,2018,0.0,0.0,0.0
CUZ,2019,0.0,0.0,0.0
CUZ,2020,0.0,0.0,0.0
CUZ,2021,0.0,0.0,0.0
CUZ,2022,0.0,0.0,0.0
CUZ,2023,0.0,0.0,0.0
CUZ,2024,0.0,0.0,0.0
CUZ,2025,0.0,0.0,0.0
DEA,2022,0.0,0.0,0.0
DEA,2025,0.0,0.0,0.0
DLR,2024,0.0,0.0,0.0
DLR,2025,0.0,0.0,0.0
DOC,2009,0.0,0.0,0.0
DOC,2010,0.0,0.0,0.0
DOC,2014,0.0,0.0,0.0
DOC,2017,0.0,0.0,0.0
DOC,2018,0.0,0.0,0.0
DOC,2020,0.0,0.0,0.0
DOC,2021,0.0,0.0,0.0
DOC,2022,0.0,0.0,0.0
DOC,2023,0.0,0.0,0.0
DOC,2024,0.0,0.0,0.0
DOC,2025,0.0,0.0,0.0
DRH,2015,0.0,0.0,0.0
DRH,2016,0.0,0.0,0.0
DRH,2024,0.0,0.0,0.0
DRH,2025,0.0,0.0,0.0
DX,2020,0.0,0.0,0.0
DX,2022,0.0,0.0,0.0
EGP,2014,0.0,0.0,0.0
EGP,2015,0.0,0.0,0.0
EGP,2022,0.0,0.0,0.0
EGP,2023,0.0,0.0,0.0
EGP,2024,0.0,0.0,0.0
ELME,2009,0.0,0.0,0.0
ELME,2013,0.0,0.0,0.0
ELME,2014,0.0,0.0,0.0
ELME,2015,0.0,0.0,0.0
ELME,2016,0.0,0.0,0.0
ELME,2018,0.0,0.0,0.0
ELME,2019,0.0,0.0,0.0
ELME,2020,0.0,0.0,0.0
ELME,2021,0.0,0.0,0.0
ELME,2022,0.0,0.0,0.0
ELME,2023,0.0,0.0,0.0
ELME,2024,0.0,0.0,0.0
ELME,2025,0.0,0.0,0.0
ELS,2011,0.0,0.0,0.0
ELS,2012,0.0,0.0,0.0
ELS,2013,0.0,0.0,0.0
ELS,2014,0.0,0.0,0.0
ELS,2015,0.0,0.0,0.0
ELS,2016,0.0,0.0,0.0
ELS,2017,0.0,0.0,0.0
ELS,2018,0.0,0.0,0.0
ELS,2019,0.0,0.0,0.0
ELS,2020,0.0,0.0,0.0
ELS,2021,0.0,0.0,0.0
ELS,2022,0.0,0.0,0.0
ELS,2023,0.0,0.0,0.0
ELS,2024,0.0,0.0,0.0
ELS,2025,0.0,0.0,0.0
EPRT,2020,0.0,0.0,0.0
EPRT,2024,0.0,0.0,0.0
EPRT,2025,0.0,0.0,0.0
EQIX,2008,0.0,0.0,0.0
EQIX,2010,0.0,0.0,0.0
EQIX,2011,0.0,0.0,0.0
EQIX,2012,0.0,0.0,0.0
EQIX,2013,0.0,0.0,0.0
EQIX,2014,0.0,0.0,0.0
EQIX,2015,0.0,0.0,0.0
EQIX,2016,0.0,0.0,0.0
EQIX,2017,0.0,0.0,0.0
EQIX,2018,0.0,0.0,0.0
EQIX,2019,0.0,0.0,0.0
EQIX,2020,0.0,0.0,0.0
EQIX,2021,0.0,0.0,0.0
EQIX,2022,0.0,0.0,0.0
EQIX,2023,0.0,0.0,0.0
EQIX,2024,0.0,0.0,0.0
EQIX,2025,0.0,0.0,0.0
EQR,2008,0.0,0.0,0.0
EQR,2009,0.0,0.0,0.0
EQR,2010,0.0,0.0,0.0
EQR,2011,0.0,0.0,0.0
EQR,2012,0.0,0.0,0.0
EQR,2013,0.0,0.0,0.0
EQR,2014,0.0,0.0,0.0
EQR,2015,0.0,0.0,0.0
EQR,2016,0.0,0.0,0.0
EQR,2017,0.0,0.0,0.0
EQR,2018,0.0,0.0,0.0
EQR,2019,0.0,0.0,0.0
EQR,2020,0.0,0.0,0.0
EQR,2021,0.0,0.0,0.0
EQR,2022,0.0,0.0,0.0
EQR,2023,0.0,0.0,0.0
EQR,2024,0.0,0.0,0.0
EQR,2025,0.0,0.0,0.0
ESRT,2015,0.0,0.0,0.0
ESRT,2016,0.0,0.0,0.0
ESRT,2017,0.0,0.0,0.0
ESRT,2018,0.0,0.0,0.0
ESRT,2019,0.0,0.0,0.0
ESRT,2020,0.0,0.0,0.0
ESRT,2021,0.0,0.0,0.0
ESRT,2022,0.0,0.0,0.0
ESRT,2023,0.0,0.0,0.0
ESRT,2024,0.0,0.0,0.0
ESRT,2025,0.0,0.0,0.0
ESS,2010,0.0,0.0,0.0
ESS,2011,0.0,0.0,0.0
ESS,2012,0.0,0.0,0.0
ESS,2013,0.0,0.0,0.0
ESS,2014,0.0,0.0,0.0
ESS,2015,0.0,0.0,0.0
ESS,2016,0.0,0.0,0.0
ESS,2017,0.0,0.0,0.0
ESS,2018,0.0,0.0,0.0
ESS,2019,0.0,0.0,0.0
ESS,2020,0.0,0.0,0.0
ESS,2021,0.0,0.0,0.0
ESS,2022,0.0,0.0,0.0
ESS,2023,0.0,0.0,0.0
ESS,2024,0.0,0.0,0.0
ESS,2025,0.0,0.0,0.0
EXR,2009,0.0,0.0,0.0
EXR,2010,0.0,0.0,0.0
EXR,2011,0.0,0.0,0.0
EXR,2012,0.0,0.0,0.0
EXR,2013,0.0,0.0,0.0
EXR,2014,0.0,0.0,0.0
EXR,2015,0.0,0.0,0.0
EXR,2016,0.0,0.0,0.0
EXR,2017,0.0,0.0,0.0
EXR,2018,0.0,0.0,0.0
EXR,2019,0.0,0.0,0.0
EXR,2020,0.0,0.0,0.0
EXR,2021,0.0,0.0,0.0
EXR,2022,0.0,0.0,0.0
EXR,2023,0.0,0.0,0.0
EXR,2024,0.0,0.0,0.0
EXR,2025,0.0,0.0,0.0
FCPT,2021,0.0,0.0,0.0
FCPT,2024,0.0,0.0,0.0
FR,2009,0.0,0.0,0.0
FR,2010,0.0,0.0,0.0
FR,2011,0.0,0.0,0.0
FR,2013,0.0,0.0,0.0
FR,2014,0.0,0.0,0.0
FR,2015,0.0,0.0,0.0
FR,2016,0.0,0.0,0.0
FR,2017,0.0,0.0,0.0
FR,2018,0.0,0.0,0.0
FR,2019,0.0,0.0,0.0
FR,2020,0.0,0.0,0.0
FR,2021,0.0,0.0,0.0
FR,2022,0.0,0.0,0.0
FR,2024,0.0,0.0,0.0
FRT,2010,0.0,0.0,0.0
FRT,2011,0.0,0.0,0.0
FRT,2013,0.0,0.0,0.0
FRT,2014,0.0,0.0,0.0
FRT,2015,0.0,0.0,0.0
FRT,2016,0.0,0.0,0.0
FRT,2017,0.0,0.0,0.0
FRT,2018,0.0,0.0,0.0
FRT,2019,0.0,0.0,0.0
FRT,2020,0.0,0.0,0.0
FRT,2021,0.0,0.0,0.0
FRT,2022,0.0,0.0,0.0
FRT,2023,0.0,0.0,0.0
FRT,2024,0.0,0.0,0.0
FRT,2025,0.0,0.0,0.0
FSP,2011,0.0,0.0,0.0
FSP,2018,0.0,0.0,0.0
FSP,2023,0.0,0.0,0.0
GNL,2024,0.0,0.0,0.0
GTY,2022,0.0,0.0,0.0
GTY,2023,0.0,0.0,0.0
GTY,2024,0.0,0.0,0.0
HHH,2014,0.0,0.0,0.0
HHH,2015,0.0,0.0,0.0
HHH,2016,0.0,0.0,0.0
HHH,2017,0.0,0.0,0.0
HHH,2018,0.0,0.0,0.0
HHH,2019,0.0,0.0,0.0
HHH,2020,0.0,0.0,0.0
HHH,2021,0.0,0.0,0.0
HHH,2022,0.0,0.0,0.0
HHH,2023,0.0,0.0,0.0
HHH,2024,0.0,0.0,0.0
HHH,2025,0.0,0.0,0.0
HIW,2010,0.0,0.0,0.0
HIW,2012,0.0,0.0,0.0
HIW,2014,0.0,0.0,0.0
HIW,2015,0.0,0.0,0.0
HIW,2016,0.0,0.0,0.0
HIW,2017,0.0,0.0,0.0
HIW,2019,0.0,0.0,0.0
HIW,2020,0.0,0.0,0.0
HIW,2021,0.0,0.0,0.0
HIW,2022,0.0,0.0,0.0
HIW,2023,0.0,0.0,0.0
HIW,2024,0.0,0.0,0.0
HIW,2025,0.0,0.0,0.0
HPP,2014,0.0,0.0,0.0
HPP,2015,0.0,0.0,0.0
HPP,2016,0.0,0.0,0.0
HPP,2017,0.0,0.0,0.0
HPP,2018,0.0,0.0,0.0
HPP,2019,0.0,0.0,0.0
HPP,2020,0.0,0.0,0.0
HPP,2021,0.0,0.0,0.0
HPP,2022,0.0,0.0,0.0
HPP,2023,0.0,0.0,0.0
HPP,2024,0.0,0.0,0.0
HPP,2025,0.0,0.0,0.0
HR,2010,0.0,0.0,0.0
HR,2016,0.0,0.0,0.0
HR,2017,0.0,0.0,0.0
HR,2018,0.0,0.0,0.0
HR,2019,0.0,0.0,0.0
HR,2020,0.0,0.0,0.0
HR,2021,0.0,0.0,0.0
HR,2022,0.0,0.0,0.0
HR,2023,0.0,0.0,0.0
HR,2024,0.0,0.0,0.0
HR,2025,0.0,0.0,0.0
HST,2008,0.0,0.0,0.0
HST,2012,0.0,0.0,0.0
HST,2013,0.0,0.0,0.0
HST,2014,0.0,0.0,0.0
HST,2015,0.0,0.0,0.0
HST,2017,0.0,0.0,0.0
HST,2019,0.0,0.0,0.0
HST,2020,0.0,0.0,0.0
HST,2021,0.0,0.0,0.0
HST,2022,0.0,0.0,0.0
HST,2024,0.0,0.0,0.0
HST,2025,0.0,0.0,0.0
INN,2014,0.0,0.0,0.0
INN,2016,0.0,0.0,0.0
INN,2019,0.0,0.0,0.0
INN,2021,0.0,0.0,0.0
INN,2022,0.0,0.0,0.0
INN,2023,0.0,0.0,0.0
INN,2024,0.0,0.0,0.0
INN,2025,0.0,0.0,0.0
INVH,2013,0.0,0.0,0.0
INVH,2014,0.0,0.0,0.0
INVH,2015,0.0,0.0,0.0
INVH,2016,0.0,0.0,0.0
INVH,2017,0.0,0.0,0.0
INVH,2018,0.0,0.0,0.0
INVH,2019,0.0,0.0,0.0
INVH,2020,0.0,0.0,0.0
INVH,2021,0.0,0.0,0.0
INVH,2022,0.0,0.0,0.0
INVH,2023,0.0,0.0,0.0
INVH,2024,0.0,0.0,0.0
INVH,2025,0.0,0.0,0.0
IRM,2023,0.0,0.0,0.0
IRM,2024,0.0,0.0,0.0
IRM,2025,0.0,0.0,0.0
IVT,2013,0.0,0.0,0.0
IVT,2014,0.0,0.0,0.0
IVT,2015,0.0,0.0,0.0
IVT,2016,0.0,0.0,0.0
IVT,2017,0.0,0.0,0.0
IVT,2019,0.0,0.0,0.0
IVT,2020,0.0,0.0,0.0
IVT,2021,0.0,0.0,0.0
IVT,2022,0.0,0.0,0.0
IVT,2024,0.0,0.0,0.0
IVT,2025,0.0,0.0,0.0
JBGS,2012,0.0,0.0,0.0
JBGS,2013,0.0,0.0,0.0
JBGS,2014,0.0,0.0,0.0
JBGS,2015,0.0,0.0,0.0
JBGS,2016,0.0,0.0,0.0
JBGS,2017,0.0,0.0,0.0
JBGS,2018,0.0,0.0,0.0
JBGS,2019,0.0,0.0,0.0
JBGS,2020,0.0,0.0,0.0
JBGS,2021,0.0,0.0,0.0
JBGS,2022,0.0,0.0,0.0
JBGS,2023,0.0,0.0,0.0
JBGS,2024,0.0,0.0,0.0
JBGS,2025,0.0,0.0,0.0
KIM,2008,0.0,0.0,0.0
KIM,2009,0.0,0.0,0.0
KIM,2010,0.0,0.0,0.0
KIM,2011,0.0,0.0,0.0
KIM,2013,0.0,0.0,0.0
KIM,2014,0.0,0.0,0.0
KIM,2015,0.0,0.0,0.0
KIM,2016,0.0,0.0,0.0
KIM,2017,0.0,0.0,0.0
KIM,2018,0.0,0.0,0.0
KIM,2019,0.0,0.0,0.0
KIM,2020,0.0,0.0,0.0
KIM,2021,0.0,0.0,0.0
KIM,2022,0.0,0.0,0.0
KIM,2023,0.0,0.0,0.0
KIM,2024,0.0,0.0,0.0
KIM,2025,0.0,0.0,0.0
KRC,2014,0.0,0.0,0.0
KRC,2015,0.0,0.0,0.0
KRC,2016,0.0,0.0,0.0
KRC,2017,0.0,0.0,0.0
KRC,2018,0.0,0.0,0.0
KRC,2019,0.0,0.0,0.0
KRC,2020,0.0,0.0,0.0
KRC,2021,0.0,0.0,0.0
KRC,2022,0.0,0.0,0.0
KRC,2023,0.0,0.0,0.0
KRC,2024,0.0,0.0,0.0
KRC,2025,0.0,0.0,0.0
KRG,2015,0.0,0.0,0.0
KRG,2016,0.0,0.0,0.0
KRG,2017,0.0,0.0,0.0
KRG,2018,0.0,0.0,0.0
KRG,2019,0.0,0.0,0.0
KRG,2020,0.0,0.0,0.0
KRG,2021,0.0,0.0,0.0
KRG,2022,0.0,0.0,0.0
KRG,2023,0.0,0.0,0.0
KRG,2024,0.0,0.0,0.0
KRG,2025,0.0,0.0,0.0
LADR,2017,0.0,0.0,0.0
LADR,2018,0.0,0.0,0.0
LADR,2024,0.0,0.0,0.0
LAMR,2009,0.0,0.0,0.0
LAMR,2010,0.0,0.0,0.0
LAMR,2011,0.0,0.0,0.0
LAMR,2012,0.0,0.0,0.0
LAMR,2013,0.0,0.0,0.0
LAMR,2014,0.0,0.0,0.0
LAMR,2015,0.0,0.0,0.0
LAMR,2016,0.0,0.0,0.0
LAMR,2017,0.0,0.0,0.0
LAMR,2018,0.0,0.0,0.0
LAMR,2019,0.0,0.0,0.0
LAMR,2020,0.0,0.0,0.0
LAMR,2021,0.0,0.0,0.0
LAMR,2022,0.0,0.0,0.0
LAMR,2023,0.0,0.0,0.0
LAMR,2024,0.0,0.0,0.0
LAMR,2025,0.0,0.0,0.0
LINE,2014,0.0,0.0,0.0
LINE,2015,0.0,0.0,0.0
LINE,2016,0.0,0.0,0.0
LINE,2017,0.0,0.0,0.0
LINE,2018,0.0,0.0,0.0
LINE,2019,0.0,0.0,0.0
LINE,2020,0.0,0.0,0.0
LINE,2021,0.0,0.0,0.0
LINE,2022,0.0,0.0,0.0
LINE,2023,0.0,0.0,0.0
LINE,2024,0.0,0.0,0.0
LINE,2025,0.0,0.0,0.0
LXP,2015,0.0,0.0,0.0
LXP,2017,0.0,0.0,0.0
LXP,2019,0.0,0.0,0.0
LXP,2021,0.0,0.0,0.0
LXP,2022,0.0,0.0,0.0
MAA,2008,0.0,0.0,0.0
MAA,2012,0.0,0.0,0.0
MAA,2013,0.0,0.0,0.0
MAA,2014,0.0,0.0,0.0
MAA,2015,0.0,0.0,0.0
MAA,2016,0.0,0.0,0.0
MAA,2017,0.0,0.0,0.0
MAA,2018,0.0,0.0,0.0
MAA,2019,0.0,0.0,0.0
MAA,2020,0.0,0.0,0.0
MAA,2021,0.0,0.0,0.0
MAA,2022,0.0,0.0,0.0
MAA,2023,0.0,0.0,0.0
MAA,2024,0.0,0.0,0.0
MAA,2025,0.0,0.0,0.0
MAC,2008,0.0,0.0,0.0
MAC,2009,0.0,0.0,0.0
MAC,2010,0.0,0.0,0.0
MAC,2011,0.0,0.0,0.0
MAC,2012,0.0,0.0,0.0
MAC,2013,0.0,0.0,0.0
MAC,2014,0.0,0.0,0.0
MAC,2015,0.0,0.0,0.0
MAC,2016,0.0,0.0,0.0
MAC,2017,0.0,0.0,0.0
MAC,2018,0.0,0.0,0.0
MAC,2019,0.0,0.0,0.0
MAC,2020,0.0,0.0,0.0
MAC,2021,0.0,0.0,0.0
MAC,2022,0.0,0.0,0.0
MAC,2023,0.0,0.0,0.0
MAC,2024,0.0,0.0,0.0
MAC,2025,0.0,0.0,0.0
MFA,2020,0.0,0.0,0.0
MFA,2021,0.0,0.0,0.0
MFA,2022,0.0,0.0,0.0
MFA,2023,0.0,0.0,0.0
MFA,2024,0.0,0.0,0.0
MPW,2022,0.0,0.0,0.0
MPW,2023,0.0,0.0,0.0
MPW,2024,0.0,0.0,0.0
MPW,2025,0.0,0.0,0.0
NHI,2021,0.0,0.0,0.0
NNN,2011,0.0,0.0,0.0
NNN,2014,0.0,0.0,0.0
NNN,2015,0.0,0.0,0.0
NNN,2021,0.0,0.0,0.0
NNN,2022,0.0,0.0,0.0
NNN,2023,0.0,0.0,0.0
NNN,2025,0.0,0.0,0.0
NREF,2021,0.0,0.0,0.0
NREF,2022,0.0,0.0,0.0
NREF,2023,0.0,0.0,0.0
NREF,2024,0.0,0.0,0.0
NREF,2025,0.0,0.0,0.0
NSA,2020,0.0,0.0,0.0
NSA,2021,0.0,0.0,0.0
NSA,2022,0.0,0.0,0.0
NSA,2023,0.0,0.0,0.0
NSA,2024,0.0,0.0,0.0
NSA,2025,0.0,0.0,0.0
NTST,2022,0.0,0.0,0.0
NTST,2023,0.0,0.0,0.0
NTST,2024,0.0,0.0,0.0
O,2015,0.0,0.0,0.0
O,2016,0.0,0.0,0.0
O,2017,0.0,0.0,0.0
O,2018,0.0,0.0,0.0
O,2019,0.0,0.0,0.0
O,2020,0.0,0.0,0.0
O,2021,0.0,0.0,0.0
O,2022,0.0,0.0,0.0
O,2023,0.0,0.0,0.0
O,2024,0.0,0.0,0.0
O,2025,0.0,0.0,0.0
OHI,2010,0.0,0.0,0.0
OHI,2011,0.0,0.0,0.0
OHI,2012,0.0,0.0,0.0
OHI,2013,0.0,0.0,0.0
OHI,2014,0.0,0.0,0.0
OHI,2015,0.0,0.0,0.0
OHI,2016,0.0,0.0,0.0
OHI,2017,0.0,0.0,0.0
OHI,2018,0.0,0.0,0.0
OHI,2019,0.0,0.0,0.0
OHI,2020,0.0,0.0,0.0
OHI,2021,0.0,0.0,0.0
OHI,2022,0.0,0.0,0.0
OHI,2023,0.0,0.0,0.0
OHI,2024,0.0,0.0,0.0
OHI,2025,0.0,0.0,0.0
OUT,2008,0.0,0.0,0.0
OUT,2009,0.0,0.0,0.0
OUT,2010,0.0,0.0,0.0
OUT,2011,0.0,0.0,0.0
OUT,2012,0.0,0.0,0.0
OUT,2013,0.0,0.0,0.0
OUT,2014,0.0,0.0,0.0
OUT,2015,0.0,0.0,0.0
OUT,2016,0.0,0.0,0.0
OUT,2017,0.0,0.0,0.0
OUT,2018,0.0,0.0,0.0
OUT,2019,0.0,0.0,0.0
OUT,2020,0.0,0.0,0.0
OUT,2021,0.0,0.0,0.0
OUT,2022,0.0,0.0,0.0
OUT,2023,0.0,0.0,0.0
OUT,2024,0.0,0.0,0.0
OUT,2025,0.0,0.0,0.0
PDM,2015,0.0,0.0,0.0
PDM,2016,0.0,0.0,0.0
PDM,2017,0.0,0.0,0.0
PDM,2018,0.0,0.0,0.0
PDM,2019,0.0,0.0,0.0
PDM,2020,0.0,0.0,0.0
PDM,2021,0.0,0.0,0.0
PDM,2022,0.0,0.0,0.0
PDM,2024,0.0,0.0,0.0
PEB,2015,0.0,0.0,0.0
PEB,2016,0.0,0.0,0.0
PEB,2020,0.0,0.0,0.0
PEB,2021,0.0,0.0,0.0
PEB,2022,0.0,0.0,0.0
PEB,2023,0.0,0.0,0.0
PEB,2024,0.0,0.0,0.0
PGRE,2016,0.0,0.0,0.0
PGRE,2017,0.0,0.0,0.0
PGRE,2018,0.0,0.0,0.0
PGRE,2019,0.0,0.0,0.0
PGRE,2021,0.0,0.0,0.0
PGRE,2022,0.0,0.0,0.0
PGRE,2023,0.0,0.0,0.0
PGRE,2024,0.0,0.0,0.0
PGRE,2025,0.0,0.0,0.0
PK,2019,0.0,0.0,0.0
PK,2020,0.0,0.0,0.0
PK,2021,0.0,0.0,0.0
PK,2022,0.0,0.0,0.0
PK,2024,0.0,0.0,0.0
PK,2025,0.0,0.0,0.0
PLYM,2021,0.0,0.0,0.0
PLYM,2022,0.0,0.0,0.0
PLYM,2024,0.0,0.0,0.0
PLYM,2025,0.0,0.0,0.0
PMT,2012,0.0,0.0,0.0
PMT,2013,0.0,0.0,0.0
PMT,2014,0.0,0.0,0.0
PMT,2015,0.0,0.0,0.0
PMT,2016,0.0,0.0,0.0
PMT,2017,0.0,0.0,0.0
PMT,2018,0.0,0.0,0.0
PMT,2019,0.0,0.0,0.0
PMT,2020,0.0,0.0,0.0
PMT,2021,0.0,0.0,0.0
PMT,2022,0.0,0.0,0.0
PMT,2023,0.0,0.0,0.0
PMT,2024,0.0,0.0,0.0
PMT,2025,0.0,0.0,0.0
PSA,2008,0.0,0.0,0.0
PSA,2009,0.0,0.0,0.0
PSA,2010,0.0,0.0,0.0
PSA,2011,0.0,0.0,0.0
PSA,2012,0.0,0.0,0.0
PSA,2013,0.0,0.0,0.0
PSA,2014,0.0,0.0,0.0
PSA,2015,0.0,0.0,0.0
PSA,2016,0.0,0.0,0.0
PSA,2017,0.0,0.0,0.0
PSA,2018,0.0,0.0,0.0
PSA,2019,0.0,0.0,0.0
PSA,2020,0.0,0.0,0.0
PSA,2021,0.0,0.0,0.0
PSA,2022,0.0,0.0,0.0
PSA,2023,0.0,0.0,0.0
PSA,2024,0.0,0.0,0.0
PSA,2025,0.0,0.0,0.0
PSTL,2022,0.0,0.0,0.0
RC,2019,0.0,0.0,0.0
RC,2020,0.0,0.0,0.0
RC,2021,0.0,0.0,0.0
RC,2022,0.0,0.0,0.0
RC,2023,0.0,0.0,0.0
RC,2024,0.0,0.0,0.0
RC,2025,0.0,0.0,0.0
REG,2008,0.0,0.0,0.0
REG,2009,0.0,0.0,0.0
REG,2010,0.0,0.0,0.0
REG,2012,0.0,0.0,0.0
REG,2013,0.0,0.0,0.0
REG,2014,0.0,0.0,0.0
REG,2015,0.0,0.0,0.0
REG,2016,0.0,0.0,0.0
REG,2017,0.0,0.0,0.0
REG,2018,0.0,0.0,0.0
REG,2019,0.0,0.0,0.0
REG,2020,0.0,0.0,0.0
REG,2021,0.0,0.0,0.0
REG,2022,0.0,0.0,0.0
REG,2023,0.0,0.0,0.0
REG,2024,0.0,0.0,0.0
REG,2025,0.0,0.0,0.0
RHP,2013,0.0,0.0,0.0
RHP,2016,0.0,0.0,0.0
RHP,2017,0.0,0.0,0.0
RHP,2018,0.0,0.0,0.0
RHP,2019,0.0,0.0,0.0
RHP,2020,0.0,0.0,0.0
RHP,2021,0.0,0.0,0.0
RHP,2022,0.0,0.0,0.0
RHP,2023,0.0,0.0,0.0
RHP,2024,0.0,0.0,0.0
RHP,2025,0.0,0.0,0.0
RLJ,2024,0.0,0.0,0.0
RLJ,2025,0.0,0.0,0.0
RPT,2019,0.0,0.0,0.0
RPT,2020,0.0,0.0,0.0
RPT,2025,0.0,0.0,0.0
SAFE,2024,0.0,0.0,0.0
SBAC,2011,0.0,0.0,0.0
SBAC,2012,0.0,0.0,0.0
SBAC,2013,0.0,0.0,0.0
SBAC,2014,0.0,0.0,0.0
SBAC,2015,0.0,0.0,0.0
SBAC,2016,0.0,0.0,0.0
SBAC,2017,0.0,0.0,0.0
SBAC,2018,0.0,0.0,0.0
SBAC,2019,0.0,0.0,0.0
SBAC,2020,0.0,0.0,0.0
SBAC,2021,0.0,0.0,0.0
SBAC,2022,0.0,0.0,0.0
SBAC,2023,0.0,0.0,0.0
SBAC,2024,0.0,0.0,0.0
SBAC,2025,0.0,0.0,0.0
SILA,2017,0.0,0.0,0.0
SILA,2018,0.0,0.0,0.0
SILA,2019,0.0,0.0,0.0
SILA,2021,0.0,0.0,0.0
SILA,2022,0.0,0.0,0.0
SILA,2023,0.0,0.0,0.0
SITC,2020,0.0,0.0,0.0
SITC,2021,0.0,0.0,0.0
SITC,2022,0.0,0.0,0.0
SITC,2023,0.0,0.0,0.0
SITC,2024,0.0,0.0,0.0
SITC,2025,0.0,0.0,0.0
SKT,2014,0.0,0.0,0.0
SKT,2015,0.0,0.0,0.0
SKT,2016,0.0,0.0,0.0
SKT,2017,0.0,0.0,0.0
SKT,2018,0.0,0.0,0.0
SKT,2019,0.0,0.0,0.0
SKT,2020,0.0,0.0,0.0
SKT,2021,0.0,0.0,0.0
SKT,2022,0.0,0.0,0.0
SKT,2023,0.0,0.0,0.0
SKT,2024,0.0,0.0,0.0
SKT,2025,0.0,0.0,0.0
SLG,2008,0.0,0.0,0.0
SLG,2013,0.0,0.0,0.0
SLG,2015,0.0,0.0,0.0
SLG,2016,0.0,0.0,0.0
SLG,2017,0.0,0.0,0.0
SLG,2018,0.0,0.0,0.0
SLG,2019,0.0,0.0,0.0
SLG,2020,0.0,0.0,0.0
SLG,2021,0.0,0.0,0.0
SLG,2022,0.0,0.0,0.0
SLG,2023,0.0,0.0,0.0
SLG,2024,0.0,0.0,0.0
SLG,2025,0.0,0.0,0.0
SMA,2013,0.0,0.0,0.0
SMA,2014,0.0,0.0,0.0
SMA,2015,0.0,0.0,0.0
SMA,2016,0.0,0.0,0.0
SMA,2017,0.0,0.0,0.0
SMA,2018,0.0,0.0,0.0
SMA,2019,0.0,0.0,0.0
SMA,2020,0.0,0.0,0.0
SMA,2021,0.0,0.0,0.0
SMA,2022,0.0,0.0,0.0
SMA,2023,0.0,0.0,0.0
SMA,2024,0.0,0.0,0.0
SMA,2025,0.0,0.0,0.0
SPG,2008,0.0,0.0,0.0
SPG,2010,0.0,0.0,0.0
SPG,2011,0.0,0.0,0.0
SPG,2012,0.0,0.0,0.0
SPG,2013,0.0,0.0,0.0
SPG,2014,0.0,0.0,0.0
SPG,2015,0.0,0.0,0.0
SPG,2016,0.0,0.0,0.0
SPG,2017,0.0,0.0,0.0
SPG,2018,0.0,0.0,0.0
SPG,2019,0.0,0.0,0.0
SPG,2020,0.0,0.0,0.0
SPG,2021,0.0,0.0,0.0
SPG,2022,0.0,0.0,0.0
SPG,2023,0.0,0.0,0.0
SPG,2024,0.0,0.0,0.0
SPG,2025,0.0,0.0,0.0
STAG,2013,0.0,0.0,0.0
STAG,2014,0.0,0.0,0.0
STAG,2016,0.0,0.0,0.0
STAG,2017,0.0,0.0,0.0
STAG,2021,0.0,0.0,0.0
STAG,2022,0.0,0.0,0.0
STAG,2023,0.0,0.0,0.0
STAG,2024,0.0,0.0,0.0
STWD,2013,0.0,0.0,0.0
STWD,2014,0.0,0.0,0.0
STWD,2015,0.0,0.0,0.0
STWD,2016,0.0,0.0,0.0
STWD,2017,0.0,0.0,0.0
STWD,2018,0.0,0.0,0.0
STWD,2019,0.0,0.0,0.0
STWD,2020,0.0,0.0,0.0
STWD,2021,0.0,0.0,0.0
STWD,2022,0.0,0.0,0.0
STWD,2023,0.0,0.0,0.0
STWD,2024,0.0,0.0,0.0
STWD,2025,0.0,0.0,0.0
SUI,2012,0.0,0.0,0.0
SUI,2013,0.0,0.0,0.0
SUI,2014,0.0,0.0,0.0
SUI,2015,0.0,0.0,0.0
SUI,2016,0.0,0.0,0.0
SUI,2017,0.0,0.0,0.0
SUI,2018,0.0,0.0,0.0
SUI,2019,0.0,0.0,0.0
SUI,2020,0.0,0.0,0.0
SUI,2021,0.0,0.0,0.0
SUI,2022,0.0,0.0,0.0
SUI,2023,0.0,0.0,0.0
SUI,2024,0.0,0.0,0.0
SUI,2025,0.0,0.0,0.0
TRTX,2008,0.0,0.0,0.0
TRTX,2010,0.0,0.0,0.0
TRTX,2011,0.0,0.0,0.0
TRTX,2012,0.0,0.0,0.0
TRTX,2013,0.0,0.0,0.0
TRTX,2014,0.0,0.0,0.0
TRTX,2015,0.0,0.0,0.0
TRTX,2016,0.0,0.0,0.0
TRTX,2017,0.0,0.0,0.0
TRTX,2018,0.0,0.0,0.0
TRTX,2019,0.0,0.0,0.0
TRTX,2020,0.0,0.0,0.0
TRTX,2021,0.0,0.0,0.0
TRTX,2022,0.0,0.0,0.0
TRTX,2023,0.0,0.0,0.0
TRTX,2024,0.0,0.0,0.0
TRTX,2025,0.0,0.0,0.0
UDR,2008,0.0,0.0,0.0
UDR,2010,0.0,0.0,0.0
UDR,2011,0.0,0.0,0.0
UDR,2012,0.0,0.0,0.0
UDR,2013,0.0,0.0,0.0
UDR,2014,0.0,0.0,0.0
UDR,2015,0.0,0.0,0.0
UDR,2016,0.0,0.0,0.0
UDR,2017,0.0,0.0,0.0
UDR,2018,0.0,0.0,0.0
UDR,2019,0.0,0.0,0.0
UDR,2020,0.0,0.0,0.0
UDR,2021,0.0,0.0,0.0
UDR,2022,0.0,0.0,0.0
UDR,2023,0.0,0.0,0.0
UDR,2024,0.0,0.0,0.0
UDR,2025,0.0,0.0,0.0
UE,2016,0.0,0.0,0.0
UE,2017,0.0,0.0,0.0
UE,2019,0.0,0.0,0.0
UE,2020,0.0,0.0,0.0
UE,2022,0.0,0.0,0.0
UE,2023,0.0,0.0,0.0
UMH,2015,0.0,0.0,0.0
UMH,2016,0.0,0.0,0.0
UMH,2017,0.0,0.0,0.0
UMH,2018,0.0,0.0,0.0
UMH,2020,0.0,0.0,0.0
UMH,2021,0.0,0.0,0.0
UMH,2022,0.0,0.0,0.0
UMH,2023,0.0,0.0,0.0
UMH,2024,0.0,0.0,0.0
VICI,2019,0.0,0.0,0.0
VICI,2021,0.0,0.0,0.0
VNO,2009,0.0,0.0,0.0
VNO,2010,0.0,0.0,0.0
VNO,2011,0.0,0.0,0.0
VNO,2012,0.0,0.0,0.0
VNO,2013,0.0,0.0,0.0
VNO,2014,0.0,0.0,0.0
VNO,2015,0.0,0.0,0.0
VNO,2016,0.0,0.0,0.0
VNO,2017,0.0,0.0,0.0
VNO,2018,0.0,0.0,0.0
VNO,2019,0.0,0.0,0.0
VNO,2020,0.0,0.0,0.0
VNO,2021,0.0,0.0,0.0
VNO,2022,0.0,0.0,0.0
VNO,2023,0.0,0.0,0.0
VNO,2024,0.0,0.0,0.0
VNO,2025,0.0,0.0,0.0
VRE,2022,0.0,0.0,0.0
VRE,2023,0.0,0.0,0.0
VRE,2024,0.0,0.0,0.0
VRE,2025,0.0,0.0,0.0
VTR,2010,0.0,0.0,0.0
VTR,2014,0.0,0.0,0.0
VTR,2015,0.0,0.0,0.0
VTR,2016,0.0,0.0,0.0
VTR,2017,0.0,0.0,0.0
VTR,2018,0.0,0.0,0.0
VTR,2019,0.0,0.0,0.0
VTR,2020,0.0,0.0,0.0
VTR,2021,0.0,0.0,0.0
VTR,2022,0.0,0.0,0.0
VTR,2023,0.0,0.0,0.0
VTR,2024,0.0,0.0,0.0
VTR,2025,0.0,0.0,0.0
WELL,2011,0.0,0.0,0.0
WELL,2012,0.0,0.0,0.0
WELL,2014,0.0,0.0,0.0
WELL,2015,0.0,0.0,0.0
WELL,2016,0.0,0.0,0.0
WELL,2017,0.0,0.0,0.0
WELL,2018,0.0,0.0,0.0
WELL,2019,0.0,0.0,0.0
WELL,2020,0.0,0.0,0.0
WELL,2021,0.0,0.0,0.0
WELL,2022,0.0,0.0,0.0
WELL,2023,0.0,0.0,0.0
WELL,2024,0.0,0.0,0.0
WELL,2025,0.0,0.0,0.0
WPC,2010,0.0,0.0,0.0
WPC,2012,0.0,0.0,0.0
WPC,2013,0.0,0.0,0.0
WPC,2014,0.0,0.0,0.0
WPC,2015,0.0,0.0,0.0
WPC,2016,0.0,0.0,0.0
WPC,2017,0.0,0.0,0.0
WPC,2018,0.0,0.0,0.0
WPC,2019,0.0,0.0,0.0
WPC,2020,0.0,0.0,0.0
WPC,2021,0.0,0.0,0.0
WPC,2022,0.0,0.0,0.0
WPC,2023,0.0,0.0,0.0
WPC,2024,0.0,0.0,0.0
WPC,2025,0.0,0.0,0.0
WSR,2013,0.0,0.0,0.0
WSR,2014,0.0,0.0,0.0
WSR,2015,0.0,0.0,0.0
WSR,2016,0.0,0.0,0.0
WSR,2017,0.0,0.0,0.0
WSR,2018,0.0,0.0,0.0
WSR,2019,0.0,0.0,0.0
WSR,2020,0.0,0.0,0.0
WSR,2021,0.0,0.0,0.0
WSR,2022,0.0,0.0,0.0
WSR,2023,0.0,0.0,0.0
WSR,2024,0.0,0.0,0.0
WSR,2025,0.0,0.0,0.0
WY,2008,0.0,0.0,0.0
WY,2009,0.0,0.0,0.0
WY,2010,0.0,0.0,0.0
WY,2011,0.0,0.0,0.0
WY,2012,0.0,0.0,0.0
WY,2013,0.0,0.0,0.0
WY,2014,0.0,0.0,0.0
WY,2015,0.0,0.0,0.0
WY,2016,0.0,0.0,0.0
WY,2017,0.0,0.0,0.0
WY,2018,0.0,0.0,0.0
WY,2019,0.0,0.0,0.0
WY,2020,0.0,0.0,0.0
WY,2021,0.0,0.0,0.0
WY,2022,0.0,0.0,0.0
WY,2023,0.0,0.0,0.0
WY,2024,0.0,0.0,0.0
WY,2025,0.0,0.0,0.0
XHR,2016,0.0,0.0,0.0
XHR,2017,0.0,0.0,0.0
XHR,2019,0.0,0.0,0.0
XHR,2020,0.0,0.0,0.0
XHR,2021,0.0,0.0,0.0
XHR,2022,0.0,0.0,0.0
XHR,2024,0.0,0.0,0.0
XHR,2025,0.0,0.0,0.0
