ticker,year,chatgpt_index_pros,chatgpt_index_cons,chatgpt_language_index
AAT,2014,0.0,0.0,0.0
AAT,2015,0.0,0.0,0.0
AAT,2016,0.022929857672778407,0.08853428005102051,0.055732068861899464
AAT,2017,0.0,0.0,0.0
AAT,2018,0.0,0.0,0.0
AAT,2019,0.06587494176689684,0.09442413451950868,0.08014953814320276
AAT,2020,0.0,0.0447645236213025,0.02238226181065125
AAT,2021,0.0,0.23276084268322994,0.11638042134161497
AAT,2022,0.0,0.0,0.0
AAT,2023,0.12846725595475142,0.24948874714163072,0.18897800154819105
AAT,2024,0.0,0.11567684681986357,0.05783842340993178
AAT,2025,0.0,0.0,0.0
ABR,2016,0.07298431053057527,0.0,0.03649215526528764
ABR,2017,0.09854960106172847,0.0,0.049274800530864235
ABR,2018,0.090273068347229,0.0,0.0451365341736145
ABR,2019,0.042023669747847985,0.0,0.021011834873923992
ABR,2020,0.08596459072389435,0.0,0.04298229536194718
ABR,2021,0.05029934889233653,0.0,0.025149674446168266
ABR,2022,0.08205507587970914,0.02359787345175603,0.052826474665732585
ABR,2023,0.15824457143374904,0.044624651530763115,0.10143461148225608
ABR,2024,0.06089883188067541,0.031189358525618452,0.04604409520314693
ABR,2025,0.04844686615319921,0.05052983342583882,0.049488349789519014
ADC,2018,0.0,0.0,0.0
ADC,2019,0.0,0.1634263866683804,0.0817131933341902
ADC,2021,0.0,0.12072856370593707,0.060364281852968535
ADC,2022,0.0,0.0,0.0
ADC,2023,0.33084508927865985,0.0,0.16542254463932993
ADC,2024,0.0,0.0,0.0
ADC,2025,0.10526889204320997,0.0,0.05263444602160498
AHH,2016,0.19805368626357508,0.0,0.09902684313178754
AHH,2017,0.0,0.0,0.0
AHH,2018,0.0,0.0,0.0
AHH,2019,0.0,0.0,0.0
AHH,2020,0.0,0.0,0.0
AHH,2021,0.07470695564356836,0.0,0.03735347782178418
AHH,2022,0.13723759252512507,0.0,0.06861879626256254
AHH,2023,0.09263662499802477,0.07517061513765892,0.08390362006784186
AHH,2024,0.10371799342022055,0.0,0.051858996710110274
AHR,2022,0.0,0.0,0.0
AHR,2023,0.0,0.0,0.0
AHR,2024,0.17814735576543225,0.0,0.08907367788271613
AHR,2025,0.020655702079450704,0.0,0.010327851039725352
AHT,2015,0.0,0.14163620177926303,0.07081810088963152
AHT,2016,0.0,0.0,0.0
AHT,2017,0.5017671348977051,0.0,0.25088356744885254
AHT,2020,0.0,0.0,0.0
AHT,2021,0.08404733949569597,0.09960106505739807,0.09182420227654703
AHT,2022,0.0,0.0,0.0
AHT,2023,0.0,0.0,0.0
AHT,2024,0.1901315388130321,0.02190250542978294,0.10601702212140753
AHT,2025,0.812457615125061,0.0,0.4062288075625305
ALEX,2014,0.0,0.0,0.0
ALEX,2015,0.23159156249506194,0.0,0.11579578124753097
ALEX,2020,0.0,0.0,0.0
ALEX,2021,0.0,0.0,0.0
ALEX,2023,0.0,0.0,0.0
ALX,2020,0.0,0.0,0.0
ALX,2021,0.0,0.0,0.0
ALX,2024,0.07470695564356836,0.0,0.03735347782178418
AMH,2014,0.0,0.01056775226073189,0.005283876130365945
AMH,2015,0.04790653482586975,0.015156683813082316,0.03153160931947603
AMH,2016,0.05191877037282026,0.03469961629618616,0.04330919333450321
AMH,2017,0.06543764968359232,0.04095069123929477,0.05319417046144355
AMH,2018,0.08541898721433874,0.07885604553355959,0.08213751637394917
AMH,2019,0.05739072329465232,0.06725712459642096,0.06232392394553664
AMH,2020,0.05054716784644061,0.04564765921957695,0.04809741353300878
AMH,2021,0.03985377106897912,0.04338413357308288,0.041618952321030994
AMH,2022,0.04583687040862056,0.03542139839444263,0.0406291344015316
AMH,2023,0.05695855134004571,0.04048013985818434,0.048719345599115026
AMH,2024,0.0474804245700441,0.08224411609416227,0.06486227033210318
AMH,2025,0.059841862872532056,0.04503833792480563,0.052440100398668844
AMT,2014,0.0346314380820186,0.03309984757723947,0.033865642829629033
AMT,2015,0.03792626653529662,0.03594175009816584,0.03693400831673123
AMT,2016,0.06423218266041042,0.07073441108487015,0.06748329687264029
AMT,2017,0.05936192318690586,0.054587891735425345,0.056974907461165604
AMT,2018,0.05501906711053203,0.048559889824637215,0.051789478467584624
AMT,2019,0.029458351552373994,0.036430750655907465,0.032944551104140726
AMT,2020,0.01887312681286348,0.0233280893746909,0.021100608093777187
AMT,2021,0.06541256895126463,0.04610632419466696,0.05575944657296579
AMT,2022,0.06060789931180194,0.04603642570141259,0.05332216250660726
AMT,2023,0.07411250687975518,0.027575720567570232,0.05084411372366271
AMT,2024,0.06536931823704167,0.04130162348276992,0.053335470859905795
AMT,2025,0.060911521024648446,0.08359629488910998,0.07225390795687922
AOMR,2020,0.10597273240761665,0.07811848239795928,0.09204560740278797
AOMR,2021,0.08404733949569597,0.0,0.042023669747847985
AOMR,2022,0.07912565880165326,0.08712305455739484,0.08312435667952406
AOMR,2023,0.0,0.01934001263250448,0.00967000631625224
AOMR,2024,0.0,0.0,0.0
AOMR,2025,0.0,0.0,0.0
APLE,2015,0.0,0.20205815857292267,0.10102907928646133
APLE,2016,0.0,0.0,0.0
APLE,2017,0.0,0.0,0.0
APLE,2020,1.1883221175814507,0.0,0.5941610587907253
APLE,2021,0.22056339285243992,0.0,0.11028169642621996
APLE,2022,0.0,0.0,0.0
APLE,2023,0.11579578124753097,0.0,0.057897890623765484
APLE,2024,0.0,0.0,0.0
ARE,2014,0.0,0.0,0.0
ARE,2015,0.10069198369350518,0.0,0.05034599184675259
ARE,2016,0.039283430707053604,0.03187234081836739,0.035577885762710496
ARE,2017,0.05868257370772595,0.0,0.029341286853862975
ARE,2018,0.03158483509542239,0.0,0.015792417547711195
ARE,2019,0.014638875948199298,0.06501153494297762,0.03982520544558846
ARE,2020,0.0,0.14630681540088739,0.07315340770044369
ARE,2021,0.0337112657469915,0.030506545761341014,0.03210890575416626
ARE,2022,0.03787480852849245,0.052078988265306186,0.04497689839689932
ARE,2023,0.23159156249506194,0.0,0.11579578124753097
ARE,2024,0.09683841226406056,0.0,0.04841920613203028
ARE,2025,0.0,0.0,0.0
BDN,2014,0.15438988766083234,0.0,0.07719494383041617
BDN,2015,0.1012769199394505,0.0,0.05063845996972525
BDN,2016,0.0,0.0,0.0
BDN,2017,0.04824824218647123,0.0,0.024124121093235616
BDN,2018,0.0,0.0,0.0
BDN,2019,0.0,0.0,0.0
BDN,2020,0.16342412081138602,0.05518293575815443,0.10930352828477022
BDN,2021,0.0,0.0,0.0
BDN,2022,0.0,0.0,0.0
BDN,2023,0.0,0.0,0.0
BDN,2024,0.05938245192181075,0.18372205083154802,0.12155225137667938
BDN,2025,0.0,0.0,0.0
BFS,2016,0.0,0.21245430266889453,0.10622715133444727
BFS,2022,0.0,0.0,0.0
BFS,2025,0.812457615125061,0.0,0.4062288075625305
BNL,2019,0.0,0.0,0.0
BNL,2022,0.25088356744885254,0.0,0.12544178372442627
BNL,2024,0.0,0.0,0.0
BNL,2025,0.0,0.0,0.0
BRG,2021,0.05034599184675259,0.0,0.025172995923376296
BRG,2022,0.0,0.0,0.0
BRSP,2025,0.0,0.0,0.0
BRX,2014,0.0,0.17517295012071943,0.08758647506035971
BRX,2015,0.09301584335890029,0.07377856670918376,0.08339720503404202
BRX,2016,0.10395888375406502,0.0,0.05197944187703251
BRX,2017,0.023213074717858887,0.046246625223309516,0.0347298499705842
BRX,2018,0.046426149435717774,0.08522016261595557,0.06582315602583667
BRX,2019,0.06913180970001848,0.08017143496939416,0.07465162233470632
BRX,2020,0.0,0.0,0.0
BRX,2021,0.12312965269101789,0.07868677876625724,0.10090821572863756
BRX,2022,0.08444637546858731,0.024280491733587945,0.05436343360108763
BRX,2023,0.11703471514449382,0.0,0.05851735757224691
BRX,2024,0.0715054269319875,0.1454789524634939,0.1084921896977407
BRX,2025,0.13861184500542004,0.0,0.06930592250271002
BXP,2014,0.0733996104268746,0.06298993959766448,0.06819477501226953
BXP,2015,0.0922886899948152,0.06966381893305969,0.08097625446393744
BXP,2016,0.026929251452914176,0.054575926058848256,0.04075258875588122
BXP,2017,0.1082712003195064,0.049314866275836575,0.07879303329767148
BXP,2018,0.02105377840864199,0.01565975088388703,0.018356764646264512
BXP,2019,0.043608151103906444,0.04535999478167651,0.044484072942791476
BXP,2020,0.06990130103420297,0.0,0.034950650517101486
BXP,2021,0.06935174880527406,0.06290538873806135,0.0661285687716677
BXP,2022,0.04062288075625305,0.13954577681447505,0.09008432878536406
BXP,2023,0.05661938043859044,0.09140208487105261,0.07401073265482153
BXP,2024,0.03524833978284797,0.0,0.017624169891423985
BXP,2025,0.14254528510009234,0.028056638044337487,0.08530096157221492
CBL,2014,0.10550087840220433,0.054575926058848256,0.0800384022305263
CBL,2015,0.0,0.05378589940984672,0.02689294970492336
CBL,2016,0.08362785581628418,0.048585885393852724,0.06610687060506845
CBL,2017,0.0,0.03984042602295923,0.019920213011479615
CBL,2018,0.06344974314933204,0.0,0.03172487157466602
CBL,2019,0.030472574012508146,0.0,0.015236287006254073
CBL,2020,0.0,0.0,0.0
CBL,2021,0.24064409539043694,0.0,0.12032204769521847
CBL,2022,0.024637400265432118,0.03170959741326784,0.02817349883934998
CBL,2023,0.22199400743036085,0.0980134363770692,0.16000372190371503
CBL,2024,0.1029875850158528,0.0,0.0514937925079264
CBL,2025,0.026589521949547452,0.0,0.013294760974773726
CCI,2014,0.054351279841664574,0.06416386443878312,0.05925757214022385
CCI,2015,0.059809908013441965,0.04013573861431416,0.04997282331387806
CCI,2016,0.05047040905313881,0.02528444726339004,0.03787742815826442
CCI,2017,0.09019668646367093,0.06175530670809914,0.07597599658588504
CCI,2018,0.027634612759355817,0.040277922561293526,0.03395626766032467
CCI,2019,0.029214060548308357,0.029683857069336676,0.029448958808822517
CCI,2020,0.027335022564955323,0.0240970080407353,0.025716015302845313
CCI,2021,0.025319229984862624,0.03141674157597134,0.02836798578041698
CCI,2022,0.042809855863895296,0.024224662778576846,0.03351725932123607
CCI,2023,0.04900722536395166,0.049279869787850164,0.04914354757590091
CCI,2024,0.06539384468001662,0.03520460155281907,0.050299223116417845
CCI,2025,0.056302284692346584,0.05793997544355406,0.05712113006795032
CDP,2016,0.0,0.0,0.0
CDP,2017,0.1270641383986586,0.0,0.0635320691993293
CDP,2018,0.09263662499802477,0.062186806601766384,0.07741171579989559
CDP,2019,0.0,0.0,0.0
CDP,2020,0.0,0.0,0.0
CDP,2021,0.0,0.0,0.0
CDP,2022,0.0,0.0,0.0
CDP,2023,0.05702750183902937,0.03457499849597398,0.045801250167501674
CDP,2025,0.16342412081138602,0.076428933418374,0.11992652711488001
CLDT,2015,0.0,0.0,0.0
CLDT,2019,0.0,0.0,0.0
CLDT,2021,0.0,0.0,0.0
COLD,2014,0.03364492897472335,0.013701662688311422,0.023673295831517387
COLD,2015,0.06583354522946486,0.04581067656930293,0.055822110899383895
COLD,2016,0.03074404667621475,0.024519775966976697,0.027631911321595724
COLD,2017,0.03437381989166889,0.039074108500969304,0.0367239641963191
COLD,2018,0.01690449361277824,0.059497913743373654,0.038201203678075946
COLD,2019,0.04343254467646104,0.032208814907863155,0.037820679792162096
COLD,2020,0.05218125795545345,0.017260227789672566,0.03472074287256301
COLD,2021,0.044187276616574525,0.032244949119301536,0.03821611286793803
COLD,2022,0.04765566260681804,0.030346534383402037,0.03900109849511004
COLD,2023,0.02525588602116024,0.05252193273595018,0.038888909378555214
COLD,2024,0.07964585609632102,0.02044477729161761,0.05004531669396932
COLD,2025,0.0628439581413267,0.030956820442787636,0.04690038929205717
CPT,2014,0.048941245206585424,0.020379309608527053,0.03466027740755624
CPT,2015,0.0431371000610077,0.05771733878114587,0.05042721942107678
CPT,2016,0.050290066772775824,0.040288298633224785,0.04528918270300031
CPT,2017,0.04696648193980462,0.08199655288720838,0.0644815174135065
CPT,2018,0.06419137815466183,0.028415017037532585,0.04630319759609721
CPT,2019,0.035547052720105915,0.03802509309288804,0.03678607290649698
CPT,2020,0.03938417642457394,0.06766955059457928,0.05352686350957661
CPT,2021,0.053895926352288834,0.042669414696824,0.04828267052455641
CPT,2022,0.07428227151637123,0.04473875259824081,0.05951051205730602
CPT,2023,0.05218415592136978,0.053556018229549265,0.052870087075459524
CPT,2024,0.06173820963900582,0.08027756348947505,0.07100788656424044
CPT,2025,0.06475861151891227,0.0403795576884541,0.05256908460368319
CSR,2014,0.0,0.0,0.0
CSR,2015,0.05514084821310998,0.0905464227794528,0.0728436354962814
CSR,2016,0.0,0.0,0.0
CSR,2017,0.0,0.08331541281133119,0.041657706405665594
CSR,2018,0.03892295167984234,0.04829806490932448,0.043610508294583405
CSR,2019,0.056586767503878595,0.11893887329785652,0.08776282040086755
CSR,2020,0.09717109886082413,0.0,0.048585549430412066
CSR,2021,0.0514937925079264,0.0,0.0257468962539632
CSR,2022,0.07293965273542552,0.0,0.03646982636771276
CSR,2023,0.12519179647993744,0.06747143085973895,0.0963316136698382
CSR,2024,0.0,0.0,0.0
CSR,2025,0.07097298239089031,0.043031416294378635,0.05700219934263447
CUBE,2014,0.06905508519911566,0.059950657267841996,0.06450287123347882
CUBE,2015,0.01568999625223499,0.038624212403043166,0.027157104327639077
CUBE,2016,0.02385354174735149,0.06418864445430135,0.04402109310082642
CUBE,2017,0.03218931244012958,0.03980010712650381,0.035994709783316696
CUBE,2018,0.05406509612473091,0.04029197841994591,0.04717853727233841
CUBE,2019,0.027297300919573195,0.0698213830373303,0.04855934197845175
CUBE,2020,0.06992264222782582,0.06669365712795752,0.06830814967789167
CUBE,2021,0.04610008369301639,0.052042192681365645,0.04907113818719101
CUBE,2022,0.05124467615326962,0.06480730507503238,0.058025990614151
CUBE,2023,0.05508314537413261,0.02189457214689917,0.03848885876051589
CUBE,2024,0.0380735989817589,0.059136362963555685,0.048604980972657294
CUBE,2025,0.016736931233541558,0.0434345992965366,0.030085765265039078
CUZ,2015,0.06259231418785458,0.10622715133444727,0.08440973276115092
CUZ,2016,0.0,0.0,0.0
CUZ,2017,0.0,0.0,0.0
CUZ,2018,0.0,0.3694857437719905,0.18474287188599525
CUZ,2019,0.12866197916392327,0.0,0.06433098958196164
CUZ,2020,0.0,0.03631697481519565,0.018158487407597824
CUZ,2021,0.05803268679464721,0.13470543904861512,0.09636906292163117
CUZ,2022,0.04726358418266569,0.0,0.023631792091332846
CUZ,2023,0.0,0.0,0.0
CUZ,2024,0.06963922415357665,0.16463998105941846,0.11713960260649756
CUZ,2025,0.0,0.0,0.0
DEA,2022,0.23159156249506194,0.0,0.11579578124753097
DEA,2025,0.3046716056718979,0.0,0.15233580283594894
DLR,2024,0.06906085643726921,0.03622652309159245,0.05264368976443083
DLR,2025,0.05562342629506049,0.04912153613925134,0.05237248121715592
DOC,2014,0.0,0.0,0.0
DOC,2017,0.04824824218647123,0.0,0.024124121093235616
DOC,2018,0.05148681369559449,0.06434597015954367,0.05791639192756908
DOC,2020,0.07532951499942378,0.12851750329986847,0.10192350914964612
DOC,2021,0.0,0.0,0.0
DOC,2022,0.04824824218647123,0.1960268727541384,0.12213755747030482
DOC,2023,0.0,0.0,0.0
DOC,2024,0.12186864226875915,0.0,0.06093432113437958
DOC,2025,0.039632078786588344,0.0,0.019816039393294172
DRH,2015,0.0,0.0,0.0
DRH,2016,0.027274884308997646,0.0,0.013637442154498823
DRH,2024,0.0,0.0,0.0
DRH,2025,0.0,0.0,0.0
DX,2020,0.1447447265594137,0.5817700599033208,0.36325739323136724
DX,2022,0.0,0.0,0.0
EGP,2014,0.0,0.0,0.0
EGP,2015,0.0,0.0,0.0
EGP,2022,0.2894894531188274,0.0,0.1447447265594137
EGP,2023,0.0,0.0,0.0
EGP,2024,0.0,0.0,0.0
ELME,2014,0.028948945311882742,0.06909083013622587,0.04901988772405431
ELME,2015,0.0,0.0,0.0
ELME,2016,0.21053778408641993,0.0,0.10526889204320997
ELME,2018,0.0,0.32004615868944114,0.16002307934472057
ELME,2019,0.21053778408641993,0.5556599360755373,0.3830988600809786
ELME,2020,0.08023361800896807,0.0,0.040116809004484034
ELME,2021,0.0,0.0,0.0
ELME,2022,0.0,0.0,0.0
ELME,2023,0.0,0.0,0.0
ELME,2024,0.051858996710110274,0.08280348135221133,0.0673312390311608
ELME,2025,0.270819205041687,0.0,0.1354096025208435
ELS,2014,0.02953384711986555,0.010375110943478965,0.01995447903167226
ELS,2015,0.051191537090509054,0.029714599375589033,0.04045306823304905
ELS,2016,0.01881142173981311,0.049852606160715476,0.03433201395026429
ELS,2017,0.06325823658710726,0.03651839270293491,0.04988831464502108
ELS,2018,0.06733389941445264,0.07388082663754271,0.07060736302599768
ELS,2019,0.08629063698373432,0.04010170328740202,0.06319617013556816
ELS,2020,0.13157248767000698,0.0749519709077898,0.10326222928889839
ELS,2021,0.05742283550974417,0.04224594263889252,0.04983438907431834
ELS,2022,0.07806503128122083,0.018245285911039442,0.048155158596130135
ELS,2023,0.07145585365768276,0.07247147799090203,0.0719636658242924
ELS,2024,0.0674364863845669,0.039754416043606994,0.053595451214086945
ELS,2025,0.06780305747236738,0.012351994341214798,0.04007752590679109
EPRT,2020,0.4874745690750366,0.0,0.2437372845375183
EPRT,2024,0.0,0.0,0.0
EPRT,2025,0.38598593749176985,0.0,0.19299296874588492
EQIX,2014,0.034541313561057205,0.03569792583997994,0.03511961970051857
EQIX,2015,0.03943114012254047,0.04497412601579305,0.04220263306916676
EQIX,2016,0.029843544757207283,0.028763802867747712,0.029303673812477497
EQIX,2017,0.045450528355154445,0.03048240105480826,0.037966464704981356
EQIX,2018,0.05895045834362889,0.05656455489648386,0.05775750662005638
EQIX,2019,0.05309942314339424,0.04753405100283066,0.05031673707311245
EQIX,2020,0.046451333148775975,0.07522897758318611,0.060840155365981044
EQIX,2021,0.07620128412049826,0.04144094092605392,0.058821112523276084
EQIX,2022,0.06287187005831277,0.07371878813661435,0.06829532909746355
EQIX,2023,0.05857457420907806,0.05469741000509962,0.056635992107088834
EQIX,2024,0.07292230346621809,0.046579921087537925,0.059751112276878
EQIX,2025,0.06959839200834855,0.041506544082041505,0.05555246804519503
EQR,2014,0.0039054226390398297,0.06793605229947164,0.03592073746925573
EQR,2015,0.024834295648664687,0.07384809520201543,0.04934119542534006
EQR,2016,0.0422080037808722,0.05535569673534079,0.048781850258106496
EQR,2017,0.029403635373020934,0.054463645257460856,0.0419336403152409
EQR,2018,0.0378102946335545,0.0546159768429883,0.046213135738271405
EQR,2019,0.022401422512099534,0.047498368125277426,0.03494989531868848
EQR,2020,0.031468977311601684,0.043727728365594104,0.037598352838597894
EQR,2021,0.04369824765234251,0.050167288331389025,0.04693276799186577
EQR,2022,0.05818753773083192,0.02930027615910275,0.04374390694496733
EQR,2023,0.0671824662444085,0.06278047755143987,0.06498147189792419
EQR,2024,0.05543870136956746,0.034153340450419276,0.044796020909993364
EQR,2025,0.05185405603991784,0.07514342981284385,0.06349874292638084
ESRT,2015,0.0151367034310498,0.01972298317968279,0.017429843305366295
ESRT,2016,0.016542254463932995,0.013785614540816343,0.01516393450237467
ESRT,2017,0.045026777676919885,0.06090681902355511,0.0529667983502375
ESRT,2018,0.0,0.0,0.0
ESRT,2019,0.02728232476810186,0.050129376341573106,0.03870585055483748
ESRT,2020,0.028674974651472743,0.03631697481519565,0.032495974733334196
ESRT,2021,0.043608151103906444,0.18318870511135807,0.11339842810763226
ESRT,2022,0.0,0.04283916776662283,0.021419583883311416
ESRT,2023,0.0681151654397241,0.062448030963793394,0.06528159820175874
ESRT,2024,0.05803268679464721,0.0,0.029016343397323605
ESRT,2025,0.07922147450543005,0.042634605028087635,0.06092803976675884
ESS,2014,0.03967160882130065,0.05594170298865235,0.0478066559049765
ESS,2015,0.05244268133962515,0.046250839966026164,0.04934676065282566
ESS,2016,0.021804075551953222,0.05782706694064136,0.03981557124629729
ESS,2017,0.021937103648093367,0.02989524118088312,0.025916172414488244
ESS,2018,0.018461261401029487,0.0745035116051326,0.04648238650308105
ESS,2019,0.07705774055501154,0.07332593746556915,0.07519183901029033
ESS,2020,0.040465288855156906,0.04678237504130908,0.043623831948232994
ESS,2021,0.05242119265589268,0.05010089389943426,0.05126104327766347
ESS,2022,0.040965677707726154,0.052144629810887265,0.04655515375930671
ESS,2023,0.046012065842992445,0.07790112011739507,0.06195659298019376
ESS,2024,0.0653288276752822,0.03597622479677192,0.05065252623602706
ESS,2025,0.04462393800562011,0.028915845867573186,0.036769891936596646
EXR,2014,0.03207362152054256,0.06191130460379502,0.04699246306216879
EXR,2015,0.01918582631816671,0.07356761619929908,0.04637672125873289
EXR,2016,0.04053811253977452,0.06196014696644386,0.05124912975310919
EXR,2017,0.04785788514503988,0.05333284488778028,0.05059536501641008
EXR,2018,0.05906680399220812,0.04879431399342751,0.05393055899281782
EXR,2019,0.04254240992744812,0.06227008050696424,0.05240624521720618
EXR,2020,0.04716812975003324,0.04532106707968382,0.046244598414858534
EXR,2021,0.049109678147364555,0.05172550413892804,0.0504175911431463
EXR,2022,0.05085596478679884,0.04418808014787992,0.04752202246733938
EXR,2023,0.04586816799140985,0.046643376958840146,0.046255772475124995
EXR,2024,0.04801485383155185,0.05560141448071488,0.05180813415613336
EXR,2025,0.053056900603551,0.057914553988429304,0.05548572729599015
FCPT,2021,0.1354096025208435,0.0,0.06770480126042175
FCPT,2024,0.0,0.0,0.0
FR,2014,0.10526889204320997,0.0,0.05263444602160498
FR,2015,0.0,0.0,0.0
FR,2016,0.0,0.0,0.0
FR,2017,0.0,0.0,0.0
FR,2018,0.09263662499802477,0.0,0.04631831249901239
FR,2019,0.11579578124753097,0.0,0.057897890623765484
FR,2020,0.1624915230250122,0.0,0.0812457615125061
FR,2021,0.0,0.0,0.0
FR,2022,0.12186864226875915,0.24994623843399358,0.18590744035137635
FR,2024,0.4062288075625305,0.0,0.20311440378126525
FRT,2014,0.0,0.09442413451950868,0.04721206725975434
FRT,2015,0.0,0.05691489431851318,0.02845744715925659
FRT,2016,0.06963922415357665,0.04004756296039909,0.05484339355698787
FRT,2017,0.03811924151959758,0.02130504065398889,0.029712141086793237
FRT,2018,0.08783325568919578,0.0,0.04391662784459789
FRT,2019,0.4874745690750366,0.0,0.2437372845375183
FRT,2020,0.04329872432588472,0.08566491989377104,0.06448182210982788
FRT,2021,0.1331603947352034,0.0,0.0665801973676017
FRT,2022,0.06712798912900346,0.0,0.03356399456450173
FRT,2023,0.0,0.06323877146501465,0.031619385732507325
FRT,2024,0.06414139066776797,0.05334279790193037,0.05874209428484917
FRT,2025,0.0,0.0,0.0
FSP,2018,0.0,0.0,0.0
FSP,2023,0.0,0.0,0.0
GNL,2024,0.0,0.0,0.0
GTY,2022,0.0,0.0,0.0
GTY,2023,0.0,0.0,0.0
GTY,2024,0.0,0.0,0.0
HHH,2014,0.10597273240761665,0.05495231175580583,0.08046252208171124
HHH,2015,0.061731019095140297,0.0,0.030865509547570148
HHH,2016,0.0,0.08915867649322645,0.044579338246613226
HHH,2017,0.05272539168666877,0.022722385312181233,0.037723888499425
HHH,2018,0.0316541927970803,0.05533392503188782,0.04349405891448406
HHH,2019,0.03731796186463631,0.05605204165332425,0.046685001758980285
HHH,2020,0.060175213506726055,0.028694746457590126,0.04443497998215809
HHH,2021,0.04393198950625797,0.0,0.021965994753128985
HHH,2022,0.05802663308109315,0.029054114304603258,0.0435403736928482
HHH,2023,0.08038718634395652,0.030847822524283485,0.05561750443412
HHH,2024,0.08271166569944645,0.10164356365029399,0.09217761467487022
HHH,2025,0.08385738462200007,0.0,0.041928692311000035
HIW,2014,0.0,0.0,0.0
HIW,2015,0.03796582991722327,0.04207015894433555,0.04001799443077941
HIW,2016,0.04288732638797443,0.0,0.021443663193987213
HIW,2017,0.0,0.13954455348599684,0.06977227674299842
HIW,2019,0.0,0.0,0.0
HIW,2020,0.0,0.0,0.0
HIW,2021,0.0,0.0,0.0
HIW,2022,0.047791624419121236,0.056113276088674974,0.05195245025389811
HIW,2023,0.06770480126042175,0.0812815641116041,0.07449318268601293
HIW,2024,0.0,0.0,0.0
HIW,2025,0.11078967478978105,0.0,0.055394837394890525
HPP,2014,0.0,0.0,0.0
HPP,2015,0.15233580283594894,0.03984042602295923,0.09608811442945409
HPP,2016,0.023983834911700377,0.02689294970492336,0.025438392308311866
HPP,2017,0.09197633378774275,0.037943262879008795,0.06495979833337577
HPP,2018,0.04352451509598541,0.05533392503188782,0.049429220063936616
HPP,2019,0.07737691572619629,0.04800051328067377,0.06268871450343502
HPP,2020,0.0,0.0,0.0
HPP,2021,0.04294930124009134,0.031243279804249197,0.03709629052217027
HPP,2022,0.03701153976584514,0.05387444462323658,0.04544299219454086
HPP,2023,0.03308450892786599,0.09386372310646372,0.06347411601716485
HPP,2024,0.04062288075625305,0.0,0.020311440378126527
HPP,2025,0.07237236327970685,0.0,0.036186181639853425
HR,2016,0.0,0.0,0.0
HR,2017,0.0,0.0,0.0
HR,2018,0.0,0.0,0.0
HR,2019,0.08023361800896807,0.0,0.040116809004484034
HR,2020,0.06803622168104476,0.0,0.03401811084052238
HR,2021,0.0,0.08518275257699426,0.04259137628849713
HR,2022,0.0803529509464346,0.08754597251275945,0.08394946172959702
HR,2023,0.05798920415887891,0.03212937582496712,0.04505928999192302
HR,2024,0.04132563974540796,0.10232419762671188,0.07182491868605992
HR,2025,0.08459601547883512,0.0,0.04229800773941756
HST,2014,0.0,0.0,0.0
HST,2015,0.20311440378126525,0.0,0.10155720189063262
HST,2017,0.0,0.0,0.0
HST,2019,0.0,0.0,0.0
HST,2020,0.1433748732573637,0.0,0.07168743662868185
HST,2021,0.0,0.0,0.0
HST,2022,0.0,0.0,0.0
HST,2024,0.0,0.0,0.0
HST,2025,0.0,0.0,0.0
INN,2014,0.1874902188750141,0.0,0.09374510943750705
INN,2016,0.0,0.0,0.0
INN,2019,0.5789789062376548,0.0,0.2894894531188274
INN,2021,0.20811322337280075,0.0,0.10405661168640037
INN,2022,0.23159156249506194,0.16600177509566344,0.19879666879536267
INN,2023,0.0,0.0,0.0
INN,2024,0.0,0.0,0.0
INN,2025,0.0,0.0,0.0
INVH,2014,0.08334296837933627,0.019431795975813522,0.051387382177574895
INVH,2015,0.04679252713750749,0.053014016269172196,0.049903271703339844
INVH,2016,0.0334081767150084,0.060136637572882234,0.046772407143945316
INVH,2017,0.051874066642975114,0.0113183028474316,0.03159618474520336
INVH,2018,0.07174089206246953,0.03354411489110059,0.05264250347678506
INVH,2019,0.11230642265276647,0.07501874849977483,0.09366258557627065
INVH,2020,0.07534445925421829,0.04759033905013765,0.06146739915217797
INVH,2021,0.06304084852056356,0.04066345369635749,0.051852151108460524
INVH,2022,0.08666495875415485,0.04652385442878653,0.06659440659147069
INVH,2023,0.09138731047358753,0.07032857729900228,0.08085794388629491
INVH,2024,0.055067332092839774,0.04811336983210159,0.05159035096247068
INVH,2025,0.12399503909357938,0.05177104948967447,0.08788304429162692
IRM,2023,0.0415552431284428,0.04616233289172611,0.04385878801008446
IRM,2024,0.045285335651991235,0.05276865522977877,0.049026995440885
IRM,2025,0.08222382463177444,0.03820907542173391,0.06021645002675417
IVT,2014,0.0,0.07617743571064187,0.03808871785532093
IVT,2015,0.0,0.08509141253576617,0.042545706267883086
IVT,2016,0.0,0.0,0.0
IVT,2017,0.02573239583278466,0.07114361789814148,0.04843800686546307
IVT,2019,0.08577465277594885,0.2614870287414293,0.1736308407586891
IVT,2020,0.0,0.0,0.0
IVT,2021,0.0,0.0,0.0
IVT,2022,0.05559401719679301,0.06260957026203237,0.05910179372941269
IVT,2024,0.0,0.0,0.0
IVT,2025,0.0,0.0,0.0
JBGS,2014,0.0,0.0,0.0
JBGS,2015,0.018828582316671703,0.09685937384390406,0.05784397808028788
JBGS,2016,0.05734481541688058,0.0,0.02867240770844029
JBGS,2017,0.10652831578816274,0.0215353654178158,0.06403184060298928
JBGS,2018,0.0782946527523326,0.07465997170629336,0.07647731222931298
JBGS,2019,0.017814735576543225,0.05735761153976402,0.03758617355815362
JBGS,2020,0.043061583021307887,0.0,0.021530791510653943
JBGS,2021,0.017624169891423985,0.04703770679368515,0.03233093834255457
JBGS,2022,0.05320657829403788,0.02273510017068891,0.0379708392323634
JBGS,2023,0.08759737227488101,0.019763190945943677,0.05368028161041234
JBGS,2024,0.06189786683561374,0.06159118468150581,0.06174452575855978
JBGS,2025,0.0,0.0,0.0
KIM,2014,0.04369652122548338,0.0,0.02184826061274169
KIM,2015,0.052364474779825344,0.0,0.026182237389912672
KIM,2016,0.0,0.06781773960426375,0.033908869802131876
KIM,2017,0.05794429586292149,0.05656162332976517,0.05725295959634333
KIM,2018,0.19323658195504362,0.30121991406065046,0.24722824800784704
KIM,2019,0.16976030251163576,0.06129296311224497,0.11552663281194037
KIM,2020,0.05796693256494881,0.07661620389030621,0.06729156822762751
KIM,2021,0.1528795608228896,0.03655084956234792,0.09471520519261875
KIM,2022,0.04570469683005579,0.042980846754169494,0.04434277179211264
KIM,2023,0.0,0.03944596635936558,0.01972298317968279
KIM,2024,0.227792989306283,0.1248024971467745,0.17629774322652875
KIM,2025,0.10818015911321538,0.05559129212505939,0.08188572561913739
KRC,2014,0.0,0.0,0.0
KRC,2015,0.1447447265594137,0.20069814502143385,0.17272143579042376
KRC,2016,0.11300911292818039,0.0,0.056504556464090194
KRC,2017,0.07862493049597365,0.0,0.03931246524798682
KRC,2018,0.26407158168476674,0.0,0.13203579084238337
KRC,2019,0.0712589423061729,0.048950436243693454,0.060104689274933176
KRC,2020,0.04598816689387138,0.0,0.02299408344693569
KRC,2021,0.0,0.0506936566720736,0.0253468283360368
KRC,2022,0.03992957974052792,0.0,0.01996478987026396
KRC,2023,0.04131140415890141,0.0,0.020655702079450704
KRC,2024,0.08019324887398868,0.067965070455918,0.07407915966495335
KRC,2025,0.10652831578816274,0.0629494230130058,0.08473886940058427
KRG,2015,0.0,0.0,0.0
KRG,2016,0.0,0.0,0.0
KRG,2017,0.049274800530864235,0.0,0.024637400265432118
KRG,2018,0.0,0.0,0.0
KRG,2019,0.0,0.19920213011479615,0.09960106505739807
KRG,2020,0.0,0.0,0.0
KRG,2021,0.0,0.04831825531091629,0.024159127655458145
KRG,2022,0.08230447009196301,0.0,0.041152235045981506
KRG,2023,0.4229800773941756,0.1810928455589056,0.3020364614765406
KRG,2024,0.054163841008337404,0.06128489500064266,0.05772436800449003
KRG,2025,0.09649648437294246,0.17657719100107097,0.13653683768700672
LADR,2017,0.0,0.0,0.0
LADR,2018,0.0,0.0,0.0
LADR,2024,0.0,0.0,0.0
LAMR,2014,0.0390563762169968,0.12712473598067375,0.08309055609883528
LAMR,2015,0.03517935129793504,0.0794687801782154,0.05732406573807522
LAMR,2016,0.05120886031343515,0.0926429540808545,0.07192590719714483
LAMR,2017,0.04396622377147059,0.05302094351832158,0.04849358364489609
LAMR,2018,0.0613718628196736,0.05260134370216123,0.05698660326091741
LAMR,2019,0.0,0.05654278377755886,0.02827139188877943
LAMR,2020,0.07294222440789351,0.032825247045070886,0.052883735726482195
LAMR,2021,0.06429624279315017,0.0870916797438033,0.07569396126847674
LAMR,2022,0.05142964650098708,0.013482377672744239,0.03245601208686566
LAMR,2023,0.10808942141239182,0.05156289682628833,0.07982615911934007
LAMR,2024,0.08869008720963587,0.038755295391382776,0.06372269130050932
LAMR,2025,0.08243298981099914,0.08053912526384241,0.08148605753742078
LINE,2014,0.0,0.050644609351219366,0.025322304675609683
LINE,2015,0.049261973527237796,0.06686669921939035,0.058064336373314075
LINE,2016,0.049124820051607274,0.062143045867386365,0.05563393295949682
LINE,2017,0.031212882054450827,0.05477277434473282,0.042992828199591826
LINE,2018,0.033388669114728535,0.07310169912469584,0.053245184119712186
LINE,2019,0.04229800773941756,0.0,0.02114900386970878
LINE,2020,0.08293421469632781,0.04765724105761326,0.06529572787697054
LINE,2021,0.025037993475495835,0.038242305897977676,0.03164014968673676
LINE,2022,0.06171059593223392,0.05100417883850311,0.05635738738536852
LINE,2023,0.06043325690175721,0.03898459974506675,0.04970892832341198
LINE,2024,0.05436705560256942,0.05037952518000972,0.05237329039128957
LINE,2025,0.07615861031943533,0.06514805336865362,0.07065333184404447
LXP,2015,0.0,0.5311357566722363,0.26556787833611817
LXP,2017,0.0,0.0,0.0
LXP,2019,0.0,0.0,0.0
LXP,2021,0.0,0.0,0.0
LXP,2022,0.0,0.0,0.0
MAA,2014,0.030865509547570148,0.04040298676843662,0.03563424815800338
MAA,2015,0.022310048927919296,0.02785133172254295,0.025080690325231123
MAA,2016,0.037514717365006396,0.03525980105808765,0.03638725921154702
MAA,2017,0.024164792351691312,0.05998134784023632,0.04207307009596382
MAA,2018,0.03469132985509779,0.03606477489987488,0.035378052377486334
MAA,2019,0.07738713749313691,0.06126555889872391,0.06932634819593042
MAA,2020,0.07675006535693515,0.04241354315254013,0.05958180425473764
MAA,2021,0.049123129335486106,0.04197103475454582,0.045547082045015966
MAA,2022,0.0584587764005781,0.040084238189334036,0.049271507294956066
MAA,2023,0.04548564163177042,0.04425210662884251,0.04486887413030646
MAA,2024,0.06852583422130534,0.02265480198479877,0.04559031810305206
MAA,2025,0.05086682632975853,0.008265648552481169,0.02956623744111985
MAC,2014,0.049626999419667875,0.027287963029424128,0.038457481224546
MAC,2015,0.1458865456543021,0.06681959903559845,0.10635307234495027
MAC,2016,0.04935546116242352,0.026858714172781503,0.03810708766760251
MAC,2017,0.04244007562790894,0.0,0.02122003781395447
MAC,2018,0.04449317189349533,0.052698813972646794,0.04859599293307106
MAC,2019,0.14084077103992962,0.061903222974991075,0.10137199700746034
MAC,2020,0.0642816419193633,0.0334793495991254,0.048880495759244344
MAC,2021,0.10345176724794763,0.0,0.05172588362397382
MAC,2022,0.059405076430894294,0.03867091804734001,0.049037997239117156
MAC,2023,0.08968468811935476,0.07243713822356224,0.0810609131714585
MAC,2024,0.07420396288001739,0.0319804279755705,0.05309219542779395
MAC,2025,0.0,0.13385463703441355,0.06692731851720678
MFA,2020,0.0,0.0,0.0
MFA,2021,0.38598593749176985,0.0,0.19299296874588492
MFA,2022,0.15439437499670794,0.0,0.07719718749835397
MFA,2023,0.0,0.0,0.0
MFA,2024,0.05938245192181075,0.0,0.029691225960905374
MPW,2022,0.0,0.0,0.0
MPW,2023,0.0,0.0,0.0
MPW,2024,0.0,0.0,0.0
MPW,2025,0.0,0.0,0.0
NHI,2021,0.0,0.0,0.0
NNN,2014,0.0,0.33011798921806457,0.16505899460903228
NNN,2015,0.0,0.0,0.0
NNN,2021,0.0,0.0,0.0
NNN,2022,0.0,0.0,0.0
NNN,2023,0.0,0.0,0.0
NNN,2025,0.0,0.0,0.0
NREF,2021,0.07634886675661383,0.02845744715925659,0.05240315695793521
NREF,2022,0.03544768813699927,0.28394733853606086,0.15969751333653007
NREF,2023,0.0,0.0,0.0
NREF,2024,0.0,0.0,0.0
NREF,2025,0.0,0.0,0.0
NSA,2020,0.0,0.47212067259754337,0.23606033629877168
NSA,2021,0.08404733949569597,0.04535999478167651,0.06470366713868624
NSA,2022,0.04598816689387138,0.028662176994934698,0.03732517194440304
NSA,2023,0.04619538309539295,0.035217800400772534,0.04070659174808274
NSA,2024,0.04733912084699661,0.0,0.023669560423498305
NSA,2025,0.15982772756558578,0.03617692892821988,0.09800232824690283
NTST,2022,0.02387541881392391,0.0,0.011937709406961955
NTST,2023,0.20311440378126525,0.0,0.10155720189063262
NTST,2024,0.10155720189063262,0.0,0.05077860094531631
O,2015,0.0,0.3268527733367608,0.1634263866683804
O,2016,0.06587494176689684,0.12072856370593707,0.09330175273641696
O,2017,0.0,0.0,0.0
O,2018,0.0,0.0,0.0
O,2019,0.0,0.10484322637620849,0.052421613188104246
O,2020,0.11606537358929442,0.0,0.05803268679464721
O,2021,0.08171206040569301,0.3079559234075291,0.19483399190661105
O,2022,0.025310553278148844,0.009280332961595613,0.017295443119872227
O,2023,0.05385850290582835,0.023871269962797138,0.03886488643431275
O,2024,0.0,0.10040400799602213,0.050202003998011065
O,2025,0.05938245192181075,0.05984628244194212,0.05961436718187643
OHI,2014,0.04824824218647123,0.0,0.024124121093235616
OHI,2015,0.08267477318602953,0.026210806594052123,0.054442789890040824
OHI,2016,0.07291458301374508,0.0,0.03645729150687254
OHI,2017,0.061750934503409,0.0729967513949806,0.0673738429491948
OHI,2018,0.03838534185001026,0.03647284165989606,0.03742909175495316
OHI,2019,0.06037026326932938,0.014403681536874205,0.03738697240310179
OHI,2020,0.08689627508691866,0.03183882162213053,0.059367548354524596
OHI,2021,0.11747832763543484,0.024147435225021014,0.07081288143022793
OHI,2022,0.12027079070236903,0.020224948126374733,0.07024786941437187
OHI,2023,0.09185398569714054,0.0318219412132036,0.06183796345517207
OHI,2024,0.10270847546371678,0.03315165080350842,0.0679300631336126
OHI,2025,0.07977859249312334,0.032405617130433176,0.05609210481177826
OUT,2014,0.04913675246192168,0.03724747334746871,0.0431921129046952
OUT,2015,0.0454101102931494,0.09458041465115528,0.06999526247215235
OUT,2016,0.03451742342325765,0.08138761109696839,0.05795251726011302
OUT,2017,0.05429858406032404,0.06071688671468764,0.05750773538750584
OUT,2018,0.038598593749176985,0.06968516875885235,0.054141881254014666
OUT,2019,0.017791042666972137,0.08603641730964603,0.051913729988309086
OUT,2020,0.024881181023186802,0.02890406711532375,0.026892624069255276
OUT,2021,0.05361957842476475,0.0557905478169306,0.05470506312084768
OUT,2022,0.16345730076959908,0.0,0.08172865038479954
OUT,2023,0.09821942630518755,0.028539479388137355,0.06337945284666245
OUT,2024,0.07613478177353954,0.05964952974400456,0.06789215575877205
OUT,2025,0.06290615939016543,0.0989177165257051,0.08091193795793526
PDM,2015,0.0,0.0,0.0
PDM,2016,0.0,0.0,0.0
PDM,2017,0.0,0.0,0.0
PDM,2018,0.0,0.0,0.0
PDM,2019,0.0,0.0,0.0
PDM,2020,0.0,0.0,0.0
PDM,2021,0.1901315388130321,0.0,0.09506576940651605
PDM,2022,0.0,0.0,0.0
PDM,2024,0.1433748732573637,0.44267140025510254,0.29302313675623315
PEB,2015,0.0,0.0,0.0
PEB,2016,0.0,0.0,0.0
PEB,2020,0.0,0.0,0.0
PEB,2021,0.0,0.0,0.0
PEB,2022,0.0,0.0,0.0
PEB,2023,0.0,0.0,0.0
PEB,2024,0.0,0.0,0.0
PGRE,2016,0.0,0.0,0.0
PGRE,2017,0.23159156249506194,0.0,0.11579578124753097
PGRE,2018,0.0,0.0,0.0
PGRE,2019,0.0,0.0,0.0
PGRE,2021,0.0,0.0,0.0
PGRE,2022,0.0,0.0,0.0
PGRE,2023,0.0,0.0,0.0
PGRE,2024,0.0,0.0,0.0
PGRE,2025,0.10597273240761665,0.0,0.052986366203808324
PK,2019,0.0,0.0,0.0
PK,2020,0.0,0.0,0.0
PK,2021,0.4631831249901239,0.0,0.23159156249506194
PK,2022,0.0,0.0,0.0
PK,2024,0.0,0.0,0.0
PK,2025,0.0,0.05691489431851318,0.02845744715925659
PLYM,2021,0.4631831249901239,0.0,0.23159156249506194
PLYM,2022,0.0,0.0,0.0
PLYM,2024,0.0,0.0,0.0
PLYM,2025,0.0,0.0,0.0
PMT,2014,0.07805665822212085,0.04130433947939218,0.05968049885075652
PMT,2015,0.03573232019029554,0.04949962562705908,0.04261597290867731
PMT,2016,0.025002771777720065,0.03396408735521635,0.02948342956646821
PMT,2017,0.038565171596458454,0.04458951363814405,0.041577342617301255
PMT,2018,0.049805288894917435,0.07266300735297213,0.06123414812394478
PMT,2019,0.028776173040276742,0.028120825823127263,0.028448499431702003
PMT,2020,0.04061720221010015,0.03904655468408269,0.03983187844709142
PMT,2021,0.051326153774350874,0.047342121956475545,0.04933413786541321
PMT,2022,0.04609141748694401,0.05507089691906038,0.05058115720300219
PMT,2023,0.03588199388972589,0.06317413329572877,0.04952806359272733
PMT,2024,0.06951681175456507,0.05405750675276481,0.061787159253664944
PMT,2025,0.06433845497166675,0.05502329318195431,0.059680874076810525
PSA,2014,0.024714618362711754,0.04806280727024158,0.03638871281647667
PSA,2015,0.03878412286807939,0.06959256659611614,0.054188344732097764
PSA,2016,0.03856973035035102,0.044795165384419994,0.04168244786738551
PSA,2017,0.0258791337267084,0.05504382737211212,0.04046148054941026
PSA,2018,0.034615875042761854,0.05912016732822735,0.0468680211854946
PSA,2019,0.03040052671839633,0.04103405070599748,0.035717288712196905
PSA,2020,0.022731491733958664,0.04332082461049212,0.033026158172225394
PSA,2021,0.03360620905716905,0.045567275998047864,0.03958674252760846
PSA,2022,0.02973453446838946,0.04659175709412502,0.038163145781257235
PSA,2023,0.03365874053524756,0.04529057798131375,0.039474659258280656
PSA,2024,0.034783325756444244,0.0511771974893733,0.04298026162290877
PSA,2025,0.023692459030316262,0.044167747537420615,0.03393010328386844
PSTL,2022,1.4612375915845737,3.559829336661834,2.510533464123204
RC,2019,0.0,0.0,0.0
RC,2020,0.16542254463932993,0.0,0.08271127231966496
RC,2021,0.05803268679464721,0.0,0.029016343397323605
RC,2022,0.06093432113437958,0.09374217887755112,0.07733825000596535
RC,2023,0.4301006616371216,0.0,0.2150503308185608
RC,2024,0.16542254463932993,0.0,0.08271127231966496
RC,2025,0.0,0.0,0.0
REG,2014,0.13194453779116738,0.0,0.06597226889558369
REG,2015,0.03456590485000924,0.0,0.01728295242500462
REG,2016,0.04288732638797443,0.0,0.021443663193987213
REG,2017,0.08580496678263022,0.03511641366428009,0.060460690223455155
REG,2018,0.1964992802064291,0.0,0.09824964010321455
REG,2019,0.1283737888143489,0.0,0.06418689440717446
REG,2020,0.16542254463932993,0.0,0.08271127231966496
REG,2021,0.05449213235177928,0.06432131762245166,0.05940672498711547
REG,2022,0.0,0.0,0.0
REG,2023,0.033388669114728535,0.011415594848985453,0.022402131981856994
REG,2024,0.020482124751051958,0.0861301227036059,0.05330612372732893
REG,2025,0.04131140415890141,0.047429078598760985,0.04437024137883119
RHP,2016,0.1240674985491697,0.0,0.06203374927458485
RHP,2017,0.026021523875849654,0.04687108943877556,0.036446306657312605
RHP,2018,0.06913180970001848,0.013369270477503097,0.041250540088760786
RHP,2019,0.025418654921528352,0.039346266898926424,0.03238246091022739
RHP,2020,0.06393992630436626,0.0,0.03196996315218313
RHP,2021,0.17728841432087364,0.0,0.08864420716043682
RHP,2022,0.10630382098160032,0.10459481149657172,0.10544931623908602
RHP,2023,0.028293383751939297,0.05832342753918067,0.04330840564555998
RHP,2024,0.05089924450440922,0.10895092444558693,0.07992508447499808
RHP,2025,0.0,0.03483495604783033,0.017417478023915165
RLJ,2024,0.0,0.0,0.0
RLJ,2025,0.0,0.06009582960345849,0.030047914801729244
RPT,2019,0.0,0.0,0.0
RPT,2020,0.0,0.0,0.0
RPT,2025,0.0,0.0,0.0
SAFE,2024,0.0,0.7081810088963151,0.35409050444815754
SBAC,2014,0.06874109444713268,0.05554150248858012,0.062141298467856404
SBAC,2015,0.010975903435784926,0.027102330627863422,0.019039117031824173
SBAC,2016,0.06391223325636053,0.026384829378687726,0.045148531317524124
SBAC,2017,0.03231510174349701,0.012931157926846107,0.02262312983517156
SBAC,2018,0.019723188673551044,0.0721707249604427,0.04594695681699687
SBAC,2019,0.013246591550952081,0.0209686452752417,0.017107618413096888
SBAC,2020,0.08038727256881956,0.06965703309084958,0.07502215282983457
SBAC,2021,0.0690607596020715,0.057447272331134044,0.06325401596660277
SBAC,2022,0.08999398618087541,0.03366796565320498,0.06183097591704019
SBAC,2023,0.0822656626024379,0.056891619651901905,0.0695786411271699
SBAC,2024,0.09119705586216655,0.015149386258447556,0.05317322106030705
SBAC,2025,0.023324142061006536,0.032286779041858095,0.027805460551432314
SILA,2017,0.0,0.0,0.0
SILA,2018,0.5146479166556931,0.0,0.25732395832784655
SILA,2019,0.22347154380369022,0.0,0.11173577190184511
SILA,2021,0.10526889204320997,0.0,0.05263444602160498
SILA,2022,0.0,0.1264775429300293,0.06323877146501465
SILA,2023,0.0,0.048585885393852724,0.024292942696926362
SITC,2020,0.04062288075625305,0.17047775572514096,0.10555031824069701
SITC,2021,0.0,0.0,0.0
SITC,2022,0.0,0.0,0.0
SITC,2023,0.47532884703258027,0.0,0.23766442351629014
SITC,2024,0.0,0.0,0.0
SITC,2025,0.0,0.0,0.0
SKT,2014,0.12189029605003258,0.0,0.06094514802501629
SKT,2015,0.0,0.0,0.0
SKT,2016,0.19299296874588492,0.0,0.09649648437294246
SKT,2017,0.053661651609708844,0.043581171456904884,0.04862141153330686
SKT,2018,0.06990130103420297,0.12055525152845797,0.09522827628133047
SKT,2019,0.12189029605003258,0.2614870287414293,0.19168866239573096
SKT,2020,0.19380827784700858,0.15175307333492466,0.1727806755909666
SKT,2021,0.16299031138908915,0.0,0.08149515569454457
SKT,2022,0.05514084821310998,0.03901956708850149,0.047080207650805735
SKT,2023,0.11220958881391145,0.06744581037107762,0.08982769959249454
SKT,2024,0.030472574012508146,0.0,0.015236287006254073
SKT,2025,0.10069198369350518,0.28448547439061433,0.19258872904205976
SLG,2015,0.05077860094531631,0.0,0.025389300472658156
SLG,2016,0.11981701856400714,0.08331541281133119,0.10156621568766916
SLG,2017,0.2410382351947502,0.0,0.1205191175973751
SLG,2018,0.0,0.0,0.0
SLG,2019,0.07237236327970685,0.0,0.036186181639853425
SLG,2020,0.12164051755095881,0.0,0.060820258775479405
SLG,2021,0.0,0.06260957026203237,0.031304785131016186
SLG,2022,0.028674974651472743,0.0,0.014337487325736371
SLG,2023,0.0,0.0,0.0
SLG,2024,0.056485746950015105,0.1055529314829976,0.08101933921650635
SLG,2025,0.06015365259611998,0.013881681541100777,0.03701766706861038
SMA,2014,0.0,0.08926256020908804,0.04463128010454402
SMA,2015,0.0,0.0,0.0
SMA,2016,0.0,0.26556787833611817,0.13278393916805908
SMA,2017,0.17814735576543225,0.0,0.08907367788271613
SMA,2018,0.0,0.04687108943877556,0.02343554471938778
SMA,2019,0.0,0.07243713822356224,0.03621856911178112
SMA,2020,0.0,0.0447645236213025,0.02238226181065125
SMA,2021,0.0,0.0,0.0
SMA,2022,0.0,0.03727268467875342,0.01863634233937671
SMA,2023,0.056586767503878595,0.05535933555709253,0.05597305153048556
SMA,2024,0.06093432113437958,0.0,0.03046716056718979
SMA,2025,0.04453683894135806,0.18547037770423433,0.1150036083227962
SPG,2014,0.030391453416754033,0.05526239508035696,0.0428269242485555
SPG,2015,0.02103224986869824,0.040095579712035825,0.030563914790367033
SPG,2016,0.04510182000563929,0.05541760154956373,0.05025971077760151
SPG,2017,0.03602733097975831,0.050579145313853636,0.04330323814680598
SPG,2018,0.03138836026831786,0.05322700437227165,0.042307682320294755
SPG,2019,0.05822290310582303,0.054737368816564665,0.05648013596119385
SPG,2020,0.023886511151849272,0.05113738385753639,0.03751194750469283
SPG,2021,0.09933048618284895,0.04164749094641136,0.07048898856463015
SPG,2022,0.06683770231173125,0.033954941134691295,0.050396321723211276
SPG,2023,0.04853060345402351,0.04500556216569404,0.04676808280985878
SPG,2024,0.12538421703536604,0.027022366960586058,0.07620329199797604
SPG,2025,0.12461487575883176,0.06036462450617915,0.09248975013250546
STAG,2014,0.0,0.11382978863702636,0.05691489431851318
STAG,2016,0.25732395832784655,0.0,0.12866197916392327
STAG,2017,0.0,0.0,0.0
STAG,2021,0.020138396738701037,0.0,0.010069198369350519
STAG,2022,0.09794240366371108,0.0,0.04897120183185554
STAG,2023,0.0,0.0,0.0
STAG,2024,0.19299296874588492,0.0,0.09649648437294246
STWD,2014,0.0,0.0,0.0
STWD,2015,0.0,0.0,0.0
STWD,2016,0.0,0.0,0.0
STWD,2017,0.25732395832784655,0.0,0.12866197916392327
STWD,2018,0.08271127231966496,0.0,0.04135563615983248
STWD,2019,0.0,0.0,0.0
STWD,2020,0.0,0.0,0.0
STWD,2021,0.10562863267390672,0.0,0.05281431633695336
STWD,2022,0.10526889204320997,0.0,0.05263444602160498
STWD,2023,0.19299296874588492,0.0,0.09649648437294246
STWD,2024,0.07168743662868185,0.0,0.035843718314340925
STWD,2025,0.21053778408641993,0.0,0.10526889204320997
SUI,2014,0.095529785071303,0.0,0.0477648925356515
SUI,2015,0.014941391128713672,0.06710868123146078,0.04102503618008723
SUI,2016,0.022513388838459943,0.06295473394442062,0.04273406139144029
SUI,2017,0.06733522758718728,0.03866193436066372,0.0529985809739255
SUI,2018,0.044761666209341154,0.05108226571804382,0.047921965963692484
SUI,2019,0.04772149344308195,0.04202154593567815,0.04487151968938005
SUI,2020,0.09183881062300159,0.11747280055740132,0.10465580559020146
SUI,2021,0.05936830139945894,0.03578946181305245,0.0475788816062557
SUI,2022,0.10102873562740136,0.009418540430959629,0.0552236380291805
SUI,2023,0.07815745649651715,0.043088334734749094,0.060622895615633124
SUI,2024,0.08915869840632483,0.048521894597105514,0.06884029650171516
SUI,2025,0.06093692507010234,0.06007130295725719,0.06050411401367976
TRTX,2014,0.0,0.0,0.0
TRTX,2015,0.03993900618800238,0.034546071237815015,0.037242538712908696
TRTX,2016,0.027233216149443386,0.057089585317615585,0.04216140073352949
TRTX,2017,0.05798033876712033,0.0311253328304369,0.04455283579877861
TRTX,2018,0.05034599184675259,0.15642434560222007,0.10338516872448633
TRTX,2019,0.048259471917456276,0.02327371460002251,0.03576659325873939
TRTX,2020,0.04098965707877202,0.05276877618934998,0.046879216634061
TRTX,2021,0.05881741636403765,0.05222354792865058,0.05552048214634411
TRTX,2022,0.08459601547883512,0.0,0.04229800773941756
TRTX,2023,0.04936034535190585,0.04266411244314655,0.0460122288975262
TRTX,2024,0.02724606617588964,0.016728685249519256,0.021987375712704448
TRTX,2025,0.0,0.010652520326994446,0.005326260163497223
UDR,2014,0.05617704152891395,0.034228435046918096,0.045202738287916024
UDR,2015,0.04471318633103854,0.04429261463706495,0.04450290048405174
UDR,2016,0.03238637272990072,0.0827050354802313,0.05754570410506601
UDR,2017,0.027682821569119824,0.04484788223197077,0.03626535190054529
UDR,2018,0.08148058148103099,0.01032135389195835,0.04590096768649467
UDR,2019,0.03313668809078795,0.056935441998236344,0.045036065044512144
UDR,2020,0.020577006365046762,0.053863472195979034,0.0372202392805129
UDR,2021,0.06882476895901704,0.04223685774817014,0.05553081335359359
UDR,2022,0.05825242019262834,0.042133424403681424,0.050192922298154884
UDR,2023,0.0785667515756331,0.02472173701272112,0.05164424429417711
UDR,2024,0.060630185962067096,0.07098717581742478,0.06580868088974594
UDR,2025,0.12382841466931999,0.015240293270925768,0.06953435397012288
UE,2016,0.0,0.0,0.0
UE,2017,0.0,0.0,0.0
UE,2019,0.0,0.0,0.0
UE,2020,0.0,0.0,0.0
UE,2022,0.0,0.0,0.0
UE,2023,0.1874902188750141,0.0,0.09374510943750705
UMH,2015,0.0,0.0,0.0
UMH,2016,0.0,0.0,0.0
UMH,2017,0.09649648437294246,0.0,0.04824824218647123
UMH,2018,0.0,0.0,0.0
UMH,2020,0.05514084821310998,0.0,0.02757042410655499
UMH,2021,0.055394837394890525,0.0,0.027697418697445263
UMH,2022,0.0,0.0,0.0
UMH,2023,0.0,0.09847574113521267,0.04923787056760633
UMH,2024,0.0,0.09485815719752197,0.047429078598760985
VICI,2019,0.0,0.0,0.0
VICI,2021,0.0,0.0,0.0
VNO,2014,0.06580552588822362,0.0,0.03290276294411181
VNO,2015,0.046786174241426656,0.0,0.023393087120713328
VNO,2016,0.0,0.08048570913729138,0.04024285456864569
VNO,2017,0.02490231854785612,0.03944596635936558,0.032174142453610846
VNO,2018,0.2152763345802644,0.0,0.1076381672901322
VNO,2019,0.12632267045185194,0.034643848715616724,0.08048325958373434
VNO,2020,0.08642342673319639,0.0,0.043211713366598195
VNO,2021,0.05726853578705786,0.08756137587463568,0.07241495583084677
VNO,2022,0.16230904369569896,0.0,0.08115452184784948
VNO,2023,0.04660086735613532,0.0,0.02330043367806766
VNO,2024,0.0,0.0,0.0
VNO,2025,0.15925266381369052,0.0,0.07962633190684526
VRE,2022,0.0,0.0,0.0
VRE,2023,0.09749491381500733,0.10842145094156826,0.1029581823782878
VRE,2024,0.05326415789408137,0.1345414468002865,0.09390280234718394
VRE,2025,0.0,0.3268527733367608,0.1634263866683804
VTR,2014,0.0,0.0,0.0
VTR,2015,0.05796693256494881,0.0,0.028983466282474404
VTR,2016,0.044315869915912416,0.06442434041455505,0.05437010516523373
VTR,2017,0.0,0.0,0.0
VTR,2018,0.0,0.07661620389030621,0.038308101945153106
VTR,2019,0.0,0.024145712741187413,0.012072856370593707
VTR,2020,0.0,0.20968645275241699,0.10484322637620849
VTR,2021,0.1573539005989469,0.0,0.07867695029947346
VTR,2022,0.0,0.016810306338801363,0.008405153169400681
VTR,2023,0.0,0.03890932111678198,0.01945466055839099
VTR,2024,0.054163841008337404,0.0,0.027081920504168702
VTR,2025,0.06536964832455441,0.0,0.03268482416227721
WELL,2014,0.0,0.0,0.0
WELL,2015,0.0,0.12072856370593707,0.060364281852968535
WELL,2016,0.02812596728003433,0.06489459107451531,0.04651027917727482
WELL,2017,0.06363201694504528,0.036603444609106695,0.050117730777075986
WELL,2018,0.0,0.010348162603366034,0.005174081301683017
WELL,2019,0.02528344931024363,0.047713085057436204,0.036498267183839916
WELL,2020,0.04014137079181641,0.16463998105941846,0.10239067592561743
WELL,2021,0.1508980466770096,0.049185711139455836,0.10004187890823271
WELL,2022,0.056263676705473956,0.0730618953107747,0.06466278600812433
WELL,2023,0.05223869830715682,0.09894802632527917,0.075593362316218
WELL,2024,0.061757749998683185,0.06264079228035352,0.062199271139518356
WELL,2025,0.061833439252857184,0.10711783971304242,0.08447563948294981
WPC,2014,0.08271127231966496,0.0,0.04135563615983248
WPC,2015,0.0406300986833442,0.0,0.0203150493416721
WPC,2016,0.07363754265912939,0.060799759034840486,0.06721865084698495
WPC,2017,0.02528344931024363,0.04489062087093998,0.0350870350905918
WPC,2018,0.026021523875849654,0.0,0.013010761937924827
WPC,2019,0.0,0.0,0.0
WPC,2020,0.06249673962500469,0.0,0.031248369812502345
WPC,2021,0.03992957974052792,0.0,0.01996478987026396
WPC,2022,0.06694772493416623,0.0,0.033473862467083115
WPC,2023,0.12544178372442627,0.0,0.06272089186221314
WPC,2024,0.0,0.0,0.0
WPC,2025,0.0,0.0,0.0
WSR,2014,0.0,0.1036362452043388,0.0518181226021694
WSR,2015,0.0,0.0,0.0
WSR,2016,0.06880492069708978,0.03137041419130648,0.050087667444198125
WSR,2017,0.0,0.0,0.0
WSR,2018,0.0,0.0,0.0
WSR,2019,0.07616790141797447,0.0,0.038083950708987235
WSR,2020,0.048747456907503664,0.1618168378539038,0.10528214738070374
WSR,2021,0.11484567101948834,0.0,0.05742283550974417
WSR,2022,0.14771956638637473,0.0,0.07385978319318737
WSR,2023,0.05893984685000808,0.0,0.02946992342500404
WSR,2024,0.38598593749176985,0.0,0.19299296874588492
WSR,2025,0.0,0.0,0.0
WY,2014,0.03027646869768836,0.031126251412614138,0.03070136005515125
WY,2015,0.03937243756468228,0.0764851236229668,0.057928780593824544
WY,2016,0.014756477547526792,0.06754126870323066,0.041148873125378724
WY,2017,0.023941631939354693,0.016526292605584476,0.020233962272469583
WY,2018,0.04312907990808701,0.02767193180469959,0.0354005058563933
WY,2019,0.07835090885152421,0.05289318738644677,0.06562204811898549
WY,2020,0.03981316595342263,0.05454584475668981,0.04717950535505622
WY,2021,0.037485183666526936,0.035027699832415285,0.03625644174947111
WY,2022,0.03949827686343302,0.10790003344970313,0.07369915515656808
WY,2023,0.055512370855457134,0.03823457391838697,0.04687347238692205
WY,2024,0.06954029015490684,0.0692435877160486,0.06939193893547772
WY,2025,0.01906103395021086,0.030942845729604974,0.025001939839907915
XHR,2016,0.0,0.0,0.0
XHR,2017,0.4631831249901239,0.0,0.23159156249506194
XHR,2019,0.0,0.4980053252869904,0.2490026626434952
XHR,2020,0.0,0.0,0.0
XHR,2021,0.5789789062376548,0.0,0.2894894531188274
XHR,2022,0.0,1.4163620177926302,0.7081810088963151
XHR,2024,0.0,0.0,0.0
XHR,2025,0.0,0.0,0.0
