ticker,year,chatgpt_language_index,chatgpt_index_pros,chatgpt_index_cons,rating,review_count,word_count_pros,word_count_cons,POST_CHATGPT,index_quartile
AAT,2014,0.0,0.0,0.0,3.5,1,20,40,0,Q1 (Low)
AAT,2015,0.0,0.0,0.0,3.0,1,11,17,0,Q1 (Low)
AAT,2016,0.0557320688618994,0.0229298576727784,0.0885342800510205,3.333333333333333,3,101,45,0,Q3
AAT,2017,0.0,0.0,0.0,1.0,2,15,69,0,Q1 (Low)
AAT,2018,0.0,0.0,0.0,1.0,2,13,55,0,Q1 (Low)
AAT,2019,0.0801495381432027,0.0658749417668968,0.0944241345195086,2.5,2,37,45,0,Q4 (High)
AAT,2020,0.0223822618106512,0.0,0.0447645236213025,2.6666666666666665,3,30,89,0,Q2
AAT,2021,0.1163804213416149,0.0,0.2327608426832299,3.2,4,22,22,0,Q4 (High)
AAT,2022,0.0,0.0,0.0,5.0,2,10,12,0,Q1 (Low)
AAT,2023,0.188978001548191,0.1284672559547514,0.2494887471416307,4.0,3,37,33,1,Q4 (High)
AAT,2024,0.0578384234099317,0.0,0.1156768468198635,1.0,1,3,81,1,Q3
AAT,2025,0.0,0.0,0.0,2.6666666666666665,3,89,24,1,Q1 (Low)
ABR,2016,0.0364921552652876,0.0729843105305752,0.0,4.75,4,55,29,0,Q2
ABR,2017,0.0492748005308642,0.0985496010617284,0.0,2.5,4,47,53,0,Q3
ABR,2018,0.0451365341736145,0.090273068347229,0.0,3.4,5,27,47,0,Q3
ABR,2019,0.0210118348739239,0.0420236697478479,0.0,3.0,5,58,107,0,Q2
ABR,2020,0.0429822953619471,0.0859645907238943,0.0,3.583333333333333,11,112,141,0,Q2
ABR,2021,0.0251496744461682,0.0502993488923365,0.0,3.380952380952381,20,189,260,0,Q2
ABR,2022,0.0528264746657325,0.0820550758797091,0.023597873451756,3.074074074074074,27,193,217,0,Q3
ABR,2023,0.101434611482256,0.158244571433749,0.0446246515307631,3.1333333333333333,30,341,414,1,Q4 (High)
ABR,2024,0.0460440952031469,0.0608988318806754,0.0311893585256184,4.044444444444444,45,590,398,1,Q3
ABR,2025,0.049488349789519,0.0484468661531992,0.0505298334258388,3.821428571428572,26,425,335,1,Q3
ADC,2018,0.0,0.0,0.0,2.0,1,9,9,0,Q1 (Low)
ADC,2019,0.0817131933341902,0.0,0.1634263866683804,4.0,1,26,26,0,Q4 (High)
ADC,2021,0.0603642818529685,0.0,0.120728563705937,3.0,2,10,33,0,Q3
ADC,2022,0.0,0.0,0.0,1.5,2,23,150,0,Q1 (Low)
ADC,2023,0.1654225446393299,0.3308450892786598,0.0,4.0,1,7,13,1,Q4 (High)
ADC,2024,0.0,0.0,0.0,5.0,1,3,4,1,Q1 (Low)
ADC,2025,0.0526344460216049,0.1052688920432099,0.0,5.0,1,44,5,1,Q3
AHH,2016,0.0990268431317875,0.198053686263575,0.0,4.0,2,24,30,0,Q4 (High)
AHH,2017,0.0,0.0,0.0,3.6666666666666665,3,45,33,0,Q1 (Low)
AHH,2018,0.0,0.0,0.0,1.0,1,3,25,0,Q1 (Low)
AHH,2019,0.0,0.0,0.0,5.0,1,6,7,0,Q1 (Low)
AHH,2020,0.0,0.0,0.0,2.0,1,4,56,0,Q1 (Low)
AHH,2021,0.0373534778217841,0.0747069556435683,0.0,3.0,2,31,6,0,Q2
AHH,2022,0.0686187962625625,0.137237592525125,0.0,4.75,4,63,13,0,Q4 (High)
AHH,2023,0.0839036200678418,0.0926366249980247,0.0751706151376589,3.5,8,50,106,1,Q4 (High)
AHH,2024,0.0518589967101102,0.1037179934202205,0.0,4.375,7,47,30,1,Q3
AHR,2022,0.0,0.0,0.0,4.5,2,7,9,0,Q1 (Low)
AHR,2023,0.0,0.0,0.0,5.0,1,5,4,1,Q1 (Low)
AHR,2024,0.0890736778827161,0.1781473557654322,0.0,4.0,2,13,14,1,Q4 (High)
AHR,2025,0.0103278510397253,0.0206557020794507,0.0,5.0,2,118,20,1,Q1 (Low)
AHT,2015,0.0708181008896315,0.0,0.141636201779263,4.5,2,30,30,0,Q4 (High)
AHT,2016,0.0,0.0,0.0,3.0,2,9,10,0,Q1 (Low)
AHT,2017,0.2508835674488525,0.5017671348977051,0.0,3.0,1,8,8,0,Q4 (High)
AHT,2020,0.0,0.0,0.0,3.0,1,5,4,0,Q1 (Low)
AHT,2021,0.091824202276547,0.0840473394956959,0.099601065057398,4.0,6,29,40,0,Q4 (High)
AHT,2022,0.0,0.0,0.0,4.333333333333333,3,25,16,0,Q1 (Low)
AHT,2023,0.0,0.0,0.0,4.0,1,3,5,1,Q1 (Low)
AHT,2024,0.1060170221214075,0.1901315388130321,0.0219025054297829,4.0,4,25,194,1,Q4 (High)
AHT,2025,0.4062288075625305,0.812457615125061,0.0,4.0,1,3,4,1,Q4 (High)
ALEX,2014,0.0,0.0,0.0,2.0,1,14,8,0,Q1 (Low)
ALEX,2015,0.1157957812475309,0.2315915624950619,0.0,5.0,1,10,4,0,Q4 (High)
ALEX,2020,0.0,0.0,0.0,5.0,1,42,13,0,Q1 (Low)
ALEX,2021,0.0,0.0,0.0,3.5,2,20,13,0,Q1 (Low)
ALEX,2023,0.0,0.0,0.0,5.0,1,10,6,1,Q1 (Low)
ALX,2020,0.0,0.0,0.0,5.0,1,3,2,0,Q1 (Low)
ALX,2021,0.0,0.0,0.0,4.0,4,15,14,0,Q1 (Low)
ALX,2024,0.0373534778217841,0.0747069556435683,0.0,4.0,4,31,24,1,Q2
AMH,2014,0.0052838761303659,0.0,0.0105677522607318,1.9375,16,192,377,0,Q1 (Low)
AMH,2015,0.031531609319476,0.0479065348258697,0.0151566838130823,2.672131147540984,60,913,1840,0,Q2
AMH,2016,0.0433091933345032,0.0519187703728202,0.0346996162961861,2.75,39,657,1686,0,Q2
AMH,2017,0.0531941704614435,0.0654376496835923,0.0409506912392947,3.3703703703703702,54,782,881,0,Q3
AMH,2018,0.0821375163739491,0.0854189872143387,0.0788560455335595,4.013698630136986,72,1174,934,0,Q4 (High)
AMH,2019,0.0623239239455366,0.0573907232946523,0.0672571245964209,3.5531914893617023,46,726,624,0,Q3
AMH,2020,0.0480974135330087,0.0505471678464406,0.0456476592195769,3.365853658536585,41,552,492,0,Q3
AMH,2021,0.0416189523210309,0.0398537710689791,0.0433841335730828,3.542372881355932,57,642,978,0,Q2
AMH,2022,0.0406291344015316,0.0458368704086205,0.0354213983944426,3.636363636363636,88,973,1131,0,Q2
AMH,2023,0.048719345599115,0.0569585513400457,0.0404801398581843,3.219178082191781,71,601,1060,1,Q3
AMH,2024,0.0648622703321031,0.0474804245700441,0.0822441160941622,3.1724137931034484,58,403,774,1,Q4 (High)
AMH,2025,0.0524401003986688,0.059841862872532,0.0450383379248056,2.805555555555556,34,230,593,1,Q3
AMT,2014,0.033865642829629,0.0346314380820186,0.0330998475772394,2.8260869565217392,23,271,1254,0,Q2
AMT,2015,0.0369340083167312,0.0379262665352966,0.0359417500981658,2.9649122807017543,57,713,1421,0,Q2
AMT,2016,0.0674832968726402,0.0642321826604104,0.0707344110848701,3.096774193548387,60,643,818,0,Q4 (High)
AMT,2017,0.0569749074611656,0.0593619231869058,0.0545878917354253,3.4444444444444446,53,507,618,0,Q3
AMT,2018,0.0517894784675846,0.055019067110532,0.0485598898246372,3.0576923076923075,52,538,822,0,Q3
AMT,2019,0.0329445511041407,0.0294583515523739,0.0364307506559074,3.1296296296296298,53,1055,1378,0,Q2
AMT,2020,0.0211006080937771,0.0188731268128634,0.0233280893746909,3.5660377358490565,52,381,888,0,Q2
AMT,2021,0.0557594465729657,0.0654125689512646,0.0461063241946669,3.588235294117647,98,771,985,0,Q3
AMT,2022,0.0533221625066072,0.0606078993118019,0.0460364257014125,3.763440860215054,88,573,985,0,Q3
AMT,2023,0.0508441137236627,0.0741125068797551,0.0275757205675702,3.746835443037975,77,643,1113,1,Q3
AMT,2024,0.0533354708599057,0.0653693182370416,0.0413016234827699,3.6885245901639343,58,399,521,1,Q3
AMT,2025,0.0722539079568792,0.0609115210246484,0.0835962948891099,3.5135135135135136,36,258,546,1,Q4 (High)
AOMR,2020,0.0920456074027879,0.1059727324076166,0.0781184823979592,3.333333333333333,3,23,51,0,Q4 (High)
AOMR,2021,0.0420236697478479,0.0840473394956959,0.0,3.555555555555556,9,58,58,0,Q2
AOMR,2022,0.083124356679524,0.0791256588016532,0.0871230545573948,3.2857142857142856,14,80,189,0,Q4 (High)
AOMR,2023,0.0096700063162522,0.0,0.0193400126325044,2.333333333333333,2,37,206,1,Q1 (Low)
AOMR,2024,0.0,0.0,0.0,4.0,3,26,27,1,Q1 (Low)
AOMR,2025,0.0,0.0,0.0,3.0,1,4,6,1,Q1 (Low)
APLE,2015,0.1010290792864613,0.0,0.2020581585729226,4.666666666666667,3,24,22,0,Q4 (High)
APLE,2016,0.0,0.0,0.0,3.0,1,2,2,0,Q1 (Low)
APLE,2017,0.0,0.0,0.0,3.0,1,9,11,0,Q1 (Low)
APLE,2020,0.5941610587907253,1.188322117581451,0.0,3.0,1,4,10,0,Q4 (High)
APLE,2021,0.1102816964262199,0.2205633928524399,0.0,4.666666666666667,3,21,11,0,Q4 (High)
APLE,2022,0.0,0.0,0.0,3.0,1,7,8,0,Q1 (Low)
APLE,2023,0.0578978906237654,0.1157957812475309,0.0,3.0,2,20,13,1,Q3
APLE,2024,0.0,0.0,0.0,5.0,1,12,3,1,Q1 (Low)
ARE,2014,0.0,0.0,0.0,4.0,1,6,6,0,Q1 (Low)
ARE,2015,0.0503459918467525,0.1006919836935051,0.0,4.5,2,23,13,0,Q3
ARE,2016,0.0355778857627104,0.0392834307070536,0.0318723408183673,4.125,7,338,125,0,Q2
ARE,2017,0.0293412868538629,0.0586825737077259,0.0,4.5,4,81,19,0,Q2
ARE,2018,0.0157924175477111,0.0315848350954223,0.0,4.125,8,382,102,0,Q2
ARE,2019,0.0398252054455884,0.0146388759481992,0.0650115349429776,3.1666666666666665,6,333,384,0,Q2
ARE,2020,0.0731534077004436,0.0,0.1463068154008873,3.0,2,22,35,0,Q4 (High)
ARE,2021,0.0321089057541662,0.0337112657469915,0.030506545761341,3.75,8,141,285,0,Q2
ARE,2022,0.0449768983968993,0.0378748085284924,0.0520789882653061,4.333333333333333,12,251,153,0,Q3
ARE,2023,0.1157957812475309,0.2315915624950619,0.0,4.0,2,10,11,1,Q4 (High)
ARE,2024,0.0484192061320302,0.0968384122640605,0.0,4.8,5,73,50,1,Q3
ARE,2025,0.0,0.0,0.0,1.0,1,4,3,1,Q1 (Low)
BDN,2014,0.0771949438304161,0.1543898876608323,0.0,3.6666666666666665,3,26,21,0,Q4 (High)
BDN,2015,0.0506384599697252,0.1012769199394505,0.0,4.666666666666667,6,71,55,0,Q3
BDN,2016,0.0,0.0,0.0,4.0,2,15,11,0,Q1 (Low)
BDN,2017,0.0241241210932356,0.0482482421864712,0.0,4.4,5,48,39,0,Q2
BDN,2018,0.0,0.0,0.0,4.0,3,23,61,0,Q1 (Low)
BDN,2019,0.0,0.0,0.0,4.333333333333333,3,23,16,0,Q1 (Low)
BDN,2020,0.1093035282847702,0.163424120811386,0.0551829357581544,3.5,4,44,77,0,Q4 (High)
BDN,2021,0.0,0.0,0.0,4.666666666666667,3,13,13,0,Q1 (Low)
BDN,2022,0.0,0.0,0.0,3.5,6,55,72,0,Q1 (Low)
BDN,2023,0.0,0.0,0.0,3.8,5,43,155,1,Q1 (Low)
BDN,2024,0.1215522513766793,0.0593824519218107,0.183722050831548,4.25,8,39,51,1,Q4 (High)
BDN,2025,0.0,0.0,0.0,2.333333333333333,3,18,61,1,Q1 (Low)
BFS,2016,0.1062271513344472,0.0,0.2124543026688945,1.0,1,6,20,0,Q4 (High)
BFS,2022,0.0,0.0,0.0,3.0,1,13,8,0,Q1 (Low)
BFS,2025,0.4062288075625305,0.812457615125061,0.0,5.0,1,3,6,1,Q4 (High)
BNL,2019,0.0,0.0,0.0,5.0,1,7,5,0,Q1 (Low)
BNL,2022,0.1254417837244262,0.2508835674488525,0.0,5.0,3,16,9,0,Q4 (High)
BNL,2024,0.0,0.0,0.0,3.6666666666666665,3,25,9,1,Q1 (Low)
BNL,2025,0.0,0.0,0.0,5.0,1,4,3,1,Q1 (Low)
BRG,2021,0.0251729959233762,0.0503459918467525,0.0,4.333333333333333,3,46,22,0,Q2
BRG,2022,0.0,0.0,0.0,2.0,1,7,23,0,Q1 (Low)
BRSP,2025,0.0,0.0,0.0,5.0,1,26,10,1,Q1 (Low)
BRX,2014,0.0875864750603597,0.0,0.1751729501207194,2.7142857142857144,7,51,47,0,Q4 (High)
BRX,2015,0.083397205034042,0.0930158433589002,0.0737785667091837,4.166666666666667,6,76,54,0,Q4 (High)
BRX,2016,0.0519794418770325,0.103958883754065,0.0,3.2222222222222223,9,68,48,0,Q3
BRX,2017,0.0347298499705842,0.0232130747178588,0.0462466252233095,3.0,11,105,188,0,Q2
BRX,2018,0.0658231560258366,0.0464261494357177,0.0852201626159555,2.4,10,105,187,0,Q4 (High)
BRX,2019,0.0746516223347063,0.0691318097000184,0.0801714349693941,4.4,5,67,53,0,Q4 (High)
BRX,2020,0.0,0.0,0.0,3.272727272727273,11,95,104,0,Q1 (Low)
BRX,2021,0.1009082157286375,0.1231296526910178,0.0786867787662572,4.0,12,91,54,0,Q4 (High)
BRX,2022,0.0543634336010876,0.0844463754685873,0.0242804917335879,3.882352941176471,17,140,175,0,Q3
BRX,2023,0.0585173575722469,0.1170347151444938,0.0,3.7142857142857135,14,129,146,1,Q3
BRX,2024,0.1084921896977407,0.0715054269319875,0.1454789524634939,4.2631578947368425,19,155,121,1,Q4 (High)
BRX,2025,0.06930592250271,0.13861184500542,0.0,3.875,6,51,31,1,Q4 (High)
BXP,2014,0.0681947750122695,0.0733996104268746,0.0629899395976644,3.5,12,151,212,0,Q4 (High)
BXP,2015,0.0809762544639374,0.0922886899948152,0.0696638189330596,3.5,9,95,121,0,Q4 (High)
BXP,2016,0.0407525887558812,0.0269292514529141,0.0545759260588482,4.222222222222222,9,86,73,0,Q2
BXP,2017,0.0787930332976714,0.1082712003195064,0.0493148662758365,3.857142857142857,12,126,190,0,Q4 (High)
BXP,2018,0.0183567646462645,0.0210537784086419,0.015659750883887,3.5,8,110,327,0,Q2
BXP,2019,0.0444840729427914,0.0436081511039064,0.0453599947816765,3.888888888888889,9,109,98,0,Q3
BXP,2020,0.0349506505171014,0.0699013010342029,0.0,4.111111111111111,9,68,49,0,Q2
BXP,2021,0.0661285687716677,0.069351748805274,0.0629053887380613,3.925925925925926,26,267,268,0,Q4 (High)
BXP,2022,0.090084328785364,0.040622880756253,0.139545776814475,3.684210526315789,16,120,158,0,Q4 (High)
BXP,2023,0.0740107326548215,0.0566193804385904,0.0914020848710526,3.615384615384616,13,127,149,1,Q4 (High)
BXP,2024,0.0176241698914239,0.0352483397828479,0.0,4.05,18,204,310,1,Q2
BXP,2025,0.0853009615722149,0.1425452851000923,0.0280566380443374,4.153846153846154,12,94,142,1,Q4 (High)
CBL,2014,0.0800384022305263,0.1055008784022043,0.0545759260588482,2.5,6,60,219,0,Q4 (High)
CBL,2015,0.0268929497049233,0.0,0.0537858994098467,2.6666666666666665,3,19,79,0,Q2
CBL,2016,0.0661068706050684,0.0836278558162841,0.0485858853938527,3.25,8,48,82,0,Q4 (High)
CBL,2017,0.0199202130114796,0.0,0.0398404260229592,3.5,8,66,100,0,Q2
CBL,2018,0.031724871574666,0.063449743149332,0.0,3.363636363636364,11,73,91,0,Q2
CBL,2019,0.015236287006254,0.0304725740125081,0.0,3.8,5,76,100,0,Q2
CBL,2020,0.0,0.0,0.0,3.5,3,24,25,0,Q1 (Low)
CBL,2021,0.1203220476952184,0.2406440953904369,0.0,3.1666666666666665,6,39,61,0,Q4 (High)
CBL,2022,0.0281734988393499,0.0246374002654321,0.0317095974132678,3.9166666666666665,11,94,134,0,Q2
CBL,2023,0.160003721903715,0.2219940074303608,0.0980134363770692,3.875,8,62,84,1,Q4 (High)
CBL,2024,0.0514937925079264,0.1029875850158528,0.0,3.6666666666666665,8,71,41,1,Q3
CBL,2025,0.0132947609747737,0.0265895219495474,0.0,4.25,4,275,28,1,Q1 (Low)
CCI,2014,0.0592575721402238,0.0543512798416645,0.0641638644387831,3.4545454545454546,11,251,388,0,Q3
CCI,2015,0.049972823313878,0.0598099080134419,0.0401357386143141,3.3,10,222,311,0,Q3
CCI,2016,0.0378774281582644,0.0504704090531388,0.02528444726339,2.9375,16,321,659,0,Q2
CCI,2017,0.075975996585885,0.0901966864636709,0.0617553067080991,3.333333333333333,17,308,470,0,Q4 (High)
CCI,2018,0.0339562676603246,0.0276346127593558,0.0402779225612935,3.15,20,441,762,0,Q2
CCI,2019,0.0294489588088225,0.0292140605483083,0.0296838570693366,3.235294117647059,51,1239,2237,0,Q2
CCI,2020,0.0257160153028453,0.0273350225649553,0.0240970080407353,2.869565217391304,23,535,1003,0,Q2
CCI,2021,0.0283679857804169,0.0253192299848626,0.0314167415759713,2.4782608695652173,23,284,1285,0,Q2
CCI,2022,0.033517259321236,0.0428098558638952,0.0242246627785768,2.6785714285714284,28,279,1195,0,Q2
CCI,2023,0.0491435475759009,0.0490072253639516,0.0492798697878501,3.3112582781456954,144,1136,2175,1,Q3
CCI,2024,0.0502992231164178,0.0653938446800166,0.035204601552819,3.1619718309859155,137,1036,1645,1,Q3
CCI,2025,0.0571211300679503,0.0563022846923465,0.057939975443554,3.55,76,580,844,1,Q3
CDP,2016,0.0,0.0,0.0,4.0,4,31,58,0,Q1 (Low)
CDP,2017,0.0635320691993293,0.1270641383986586,0.0,3.75,4,69,26,0,Q4 (High)
CDP,2018,0.0774117157998955,0.0926366249980247,0.0621868066017663,2.333333333333333,3,25,219,0,Q4 (High)
CDP,2019,0.0,0.0,0.0,4.0,2,22,16,0,Q1 (Low)
CDP,2020,0.0,0.0,0.0,1.0,1,9,58,0,Q1 (Low)
CDP,2021,0.0,0.0,0.0,4.0,4,35,40,0,Q1 (Low)
CDP,2022,0.0,0.0,0.0,3.5454545454545454,10,75,112,0,Q1 (Low)
CDP,2023,0.0458012501675016,0.0570275018390293,0.0345749984959739,2.4545454545454546,11,111,271,1,Q3
CDP,2025,0.11992652711488,0.163424120811386,0.076428933418374,3.571428571428572,7,44,67,1,Q4 (High)
CLDT,2015,0.0,0.0,0.0,2.0,1,5,4,0,Q1 (Low)
CLDT,2019,0.0,0.0,0.0,3.0,1,16,2,0,Q1 (Low)
CLDT,2021,0.0,0.0,0.0,4.0,1,5,6,0,Q1 (Low)
COLD,2014,0.0236732958315173,0.0336449289747233,0.0137016626883114,2.435897435897436,39,355,911,0,Q2
COLD,2015,0.0558221108993838,0.0658335452294648,0.0458106765693029,2.859375,60,655,974,0,Q3
COLD,2016,0.0276319113215957,0.0307440466762147,0.0245197759669766,2.7794117647058822,65,749,1167,0,Q2
COLD,2017,0.0367239641963191,0.0343738198916688,0.0390741085009693,2.388888888888889,66,599,938,0,Q2
COLD,2018,0.0382012036780759,0.0169044936127782,0.0594979137433736,2.8461538461538463,51,411,567,0,Q2
COLD,2019,0.037820679792162,0.043432544676461,0.0322088149078631,2.888888888888889,36,275,297,0,Q2
COLD,2020,0.034720742872563,0.0521812579554534,0.0172602277896725,2.9814814814814814,53,287,477,0,Q2
COLD,2021,0.038216112867938,0.0441872766165745,0.0322449491193015,3.1214285714285714,131,753,1112,0,Q2
COLD,2022,0.03900109849511,0.047655662606818,0.030346534383402,3.132530120481928,157,1015,1492,0,Q2
COLD,2023,0.0388889093785552,0.0252558860211602,0.0525219327359501,3.2058823529411766,130,979,1890,1,Q2
COLD,2024,0.0500453166939693,0.079645856096321,0.0204447772916176,3.1238938053097347,107,667,861,1,Q3
COLD,2025,0.0469003892920571,0.0628439581413267,0.0309568204427876,2.9450549450549453,86,832,1000,1,Q3
CPT,2014,0.0346602774075562,0.0489412452065854,0.020379309608527,3.5,18,306,417,0,Q2
CPT,2015,0.0504272194210767,0.0431371000610077,0.0577173387811458,3.945945945945946,37,576,651,0,Q3
CPT,2016,0.0452891827030003,0.0502900667727758,0.0402882986332247,3.7222222222222223,35,659,824,0,Q3
CPT,2017,0.0644815174135065,0.0469664819398046,0.0819965528872083,3.7818181818181817,55,773,907,0,Q4 (High)
CPT,2018,0.0463031975960972,0.0641913781546618,0.0284150170375325,4.059701492537314,67,1103,1131,0,Q3
CPT,2019,0.0367860729064969,0.0355470527201059,0.038025093092888,4.482352941176471,85,1707,1072,0,Q2
CPT,2020,0.0535268635095766,0.0393841764245739,0.0676695505945792,4.597222222222222,71,1420,730,0,Q3
CPT,2021,0.0482826705245564,0.0538959263522888,0.042669414696824,4.2993630573248405,156,2618,2112,0,Q3
CPT,2022,0.059510512057306,0.0742822715163712,0.0447387525982408,4.12987012987013,76,843,1060,0,Q3
CPT,2023,0.0528700870754595,0.0521841559213697,0.0535560182295492,4.384,125,1562,1358,1,Q3
CPT,2024,0.0710078865642404,0.0617382096390058,0.080277563489475,4.358974358974359,114,1709,1800,1,Q4 (High)
CPT,2025,0.0525690846036831,0.0647586115189122,0.0403795576884541,4.375,64,937,1156,1,Q3
CSR,2014,0.0,0.0,0.0,2.0,1,10,45,0,Q1 (Low)
CSR,2015,0.0728436354962814,0.0551408482131099,0.0905464227794528,3.25,4,42,44,0,Q4 (High)
CSR,2016,0.0,0.0,0.0,4.285714285714286,7,92,55,0,Q1 (Low)
CSR,2017,0.0416577064056655,0.0,0.0833154128113311,4.333333333333333,2,32,51,0,Q2
CSR,2018,0.0436105082945834,0.0389229516798423,0.0482980649093244,3.333333333333333,6,119,194,0,Q2
CSR,2019,0.0877628204008675,0.0565867675038785,0.1189388732978565,3.4,5,84,148,0,Q4 (High)
CSR,2020,0.048585549430412,0.0971710988608241,0.0,4.2,10,148,118,0,Q3
CSR,2021,0.0257468962539632,0.0514937925079264,0.0,4.0,7,142,51,0,Q2
CSR,2022,0.0364698263677127,0.0729396527354255,0.0,3.5625,15,132,256,0,Q2
CSR,2023,0.0963316136698382,0.1251917964799374,0.0674714308597389,3.7,10,108,185,1,Q4 (High)
CSR,2024,0.0,0.0,0.0,4.6,5,30,24,1,Q1 (Low)
CSR,2025,0.0570021993426344,0.0709729823908903,0.0430314162943786,3.6666666666666665,3,170,119,1,Q3
CUBE,2014,0.0645028712334788,0.0690550851991156,0.0599506572678419,2.4761904761904763,21,321,814,0,Q4 (High)
CUBE,2015,0.027157104327639,0.0156899962522349,0.0386242124030431,2.857142857142857,55,854,2785,0,Q2
CUBE,2016,0.0440210931008264,0.0238535417473514,0.0641886444543013,2.955555555555556,43,761,1262,0,Q3
CUBE,2017,0.0359947097833166,0.0321893124401295,0.0398001071265038,3.05,40,443,1146,0,Q2
CUBE,2018,0.0471785372723384,0.0540650961247309,0.0402919784199459,3.6,34,338,519,0,Q3
CUBE,2019,0.0485593419784517,0.0272973009195731,0.0698213830373303,3.355555555555556,43,442,719,0,Q3
CUBE,2020,0.0683081496778916,0.0699226422278258,0.0666936571279575,3.2363636363636363,54,535,714,0,Q4 (High)
CUBE,2021,0.049071138187191,0.0461000836930163,0.0520421926813656,3.274336283185841,111,827,1431,0,Q3
CUBE,2022,0.058025990614151,0.0512446761532696,0.0648073050750323,3.2,81,730,1404,0,Q3
CUBE,2023,0.0384888587605158,0.0550831453741326,0.0218945721468991,3.6236559139784954,91,929,1116,1,Q2
CUBE,2024,0.0486049809726572,0.0380735989817589,0.0591363629635556,3.24,73,608,1303,1,Q3
CUBE,2025,0.030085765265039,0.0167369312335415,0.0434345992965366,3.085714285714286,33,284,497,1,Q2
CUZ,2015,0.0844097327611509,0.0625923141878545,0.1062271513344472,3.0,3,37,40,0,Q4 (High)
CUZ,2016,0.0,0.0,0.0,3.5,2,15,43,0,Q1 (Low)
CUZ,2017,0.0,0.0,0.0,4.5,2,37,28,0,Q1 (Low)
CUZ,2018,0.1847428718859952,0.0,0.3694857437719905,5.0,3,52,23,0,Q4 (High)
CUZ,2019,0.0643309895819616,0.1286619791639232,0.0,3.6666666666666665,3,18,17,0,Q4 (High)
CUZ,2020,0.0181584874075978,0.0,0.0363169748151956,2.0,3,24,117,0,Q2
CUZ,2021,0.0963690629216311,0.0580326867946472,0.1347054390486151,3.8333333333333335,5,42,33,0,Q4 (High)
CUZ,2022,0.0236317920913328,0.0472635841826656,0.0,3.571428571428572,7,49,93,0,Q2
CUZ,2023,0.0,0.0,0.0,3.857142857142857,6,45,26,1,Q1 (Low)
CUZ,2024,0.1171396026064975,0.0696392241535766,0.1646399810594184,4.666666666666667,5,35,27,1,Q4 (High)
CUZ,2025,0.0,0.0,0.0,4.5,4,26,13,1,Q1 (Low)
DEA,2022,0.1157957812475309,0.2315915624950619,0.0,5.0,1,10,6,0,Q4 (High)
DEA,2025,0.1523358028359489,0.3046716056718979,0.0,2.0,2,8,19,1,Q4 (High)
DLR,2024,0.0526436897644308,0.0690608564372692,0.0362265230915924,3.789473684210526,18,210,240,1,Q3
DLR,2025,0.0523724812171559,0.0556234262950604,0.0491215361392513,3.5161290322580645,30,298,350,1,Q3
DOC,2014,0.0,0.0,0.0,3.0,2,20,23,0,Q1 (Low)
DOC,2017,0.0241241210932356,0.0482482421864712,0.0,4.333333333333333,3,48,29,0,Q2
DOC,2018,0.057916391927569,0.0514868136955944,0.0643459701595436,4.5,4,187,131,0,Q3
DOC,2020,0.1019235091496461,0.0753295149994237,0.1285175032998684,4.142857142857143,7,118,31,0,Q4 (High)
DOC,2021,0.0,0.0,0.0,3.0,3,17,25,0,Q1 (Low)
DOC,2022,0.1221375574703048,0.0482482421864712,0.1960268727541384,4.25,4,48,42,0,Q4 (High)
DOC,2023,0.0,0.0,0.0,3.2,5,61,60,1,Q1 (Low)
DOC,2024,0.0609343211343795,0.1218686422687591,0.0,3.75,4,40,25,1,Q3
DOC,2025,0.0198160393932941,0.0396320787865883,0.0,4.0,5,123,42,1,Q2
DRH,2015,0.0,0.0,0.0,5.0,1,12,7,0,Q1 (Low)
DRH,2016,0.0136374421544988,0.0272748843089976,0.0,5.0,3,353,89,0,Q1 (Low)
DRH,2024,0.0,0.0,0.0,5.0,1,20,11,1,Q1 (Low)
DRH,2025,0.0,0.0,0.0,5.0,1,13,6,1,Q1 (Low)
DX,2020,0.3632573932313672,0.1447447265594137,0.5817700599033208,5.0,1,16,21,0,Q4 (High)
DX,2022,0.0,0.0,0.0,5.0,1,3,3,0,Q1 (Low)
EGP,2014,0.0,0.0,0.0,5.0,2,10,10,0,Q1 (Low)
EGP,2015,0.0,0.0,0.0,4.666666666666667,6,94,76,0,Q1 (Low)
EGP,2022,0.1447447265594137,0.2894894531188274,0.0,4.0,4,16,14,0,Q4 (High)
EGP,2023,0.0,0.0,0.0,4.0,2,10,10,1,Q1 (Low)
EGP,2024,0.0,0.0,0.0,5.0,2,8,4,1,Q1 (Low)
ELME,2014,0.0490198877240543,0.0289489453118827,0.0690908301362258,2.25,4,80,123,0,Q3
ELME,2015,0.0,0.0,0.0,3.0,1,5,4,0,Q1 (Low)
ELME,2016,0.1052688920432099,0.2105377840864199,0.0,3.0,2,11,28,0,Q4 (High)
ELME,2018,0.1600230793447205,0.0,0.3200461586894411,2.5,2,11,16,0,Q4 (High)
ELME,2019,0.3830988600809786,0.2105377840864199,0.5556599360755373,3.5,2,11,8,0,Q4 (High)
ELME,2020,0.040116809004484,0.080233618008968,0.0,4.75,4,120,37,0,Q2
ELME,2021,0.0,0.0,0.0,4.0,1,10,8,0,Q1 (Low)
ELME,2022,0.0,0.0,0.0,3.75,3,25,20,0,Q1 (Low)
ELME,2023,0.0,0.0,0.0,5.0,1,7,10,1,Q1 (Low)
ELME,2024,0.0673312390311608,0.0518589967101102,0.0828034813522113,3.0,8,47,105,1,Q4 (High)
ELME,2025,0.1354096025208435,0.270819205041687,0.0,3.0,3,9,12,1,Q4 (High)
ELS,2014,0.0199544790316722,0.0295338471198655,0.0103751109434789,2.272727272727273,22,326,384,0,Q2
ELS,2015,0.040453068233049,0.051191537090509,0.029714599375589,2.5294117647058822,33,483,742,0,Q2
ELS,2016,0.0343320139502642,0.0188114217398131,0.0498526061607154,3.3666666666666667,60,1101,1007,0,Q2
ELS,2017,0.049888314645021,0.0632582365871072,0.0365183927029349,3.6944444444444446,35,591,560,0,Q3
ELS,2018,0.0706073630259976,0.0673338994144526,0.0738808266375427,3.341463414634146,41,749,790,0,Q4 (High)
ELS,2019,0.0631961701355681,0.0862906369837343,0.040101703287402,3.678571428571429,27,387,333,0,Q3
ELS,2020,0.1032622292888983,0.1315724876700069,0.0749519709077898,2.782608695652174,22,187,326,0,Q4 (High)
ELS,2021,0.0498343890743183,0.0574228355097441,0.0422459426388925,3.327272727272727,51,624,838,0,Q3
ELS,2022,0.0481551585961301,0.0780650312812208,0.0182452859110394,3.0444444444444443,43,306,462,0,Q3
ELS,2023,0.0719636658242924,0.0714558536576827,0.072471477990902,3.4150943396226414,51,457,713,1,Q4 (High)
ELS,2024,0.0535954512140869,0.0674364863845669,0.0397544160436069,2.980769230769231,51,497,820,1,Q3
ELS,2025,0.040077525906791,0.0678030574723673,0.0123519943412147,3.2580645161290325,31,284,344,1,Q2
EPRT,2020,0.2437372845375183,0.4874745690750366,0.0,5.0,1,5,5,0,Q4 (High)
EPRT,2024,0.0,0.0,0.0,4.0,1,4,4,1,Q1 (Low)
EPRT,2025,0.1929929687458849,0.3859859374917698,0.0,4.0,1,6,3,1,Q4 (High)
EQIX,2014,0.0351196197005185,0.0345413135610572,0.0356979258399799,3.2777777777777777,36,462,809,0,Q2
EQIX,2015,0.0422026330691667,0.0394311401225404,0.044974126015793,3.9367088607594938,79,1366,1113,0,Q2
EQIX,2016,0.0293036738124774,0.0298435447572072,0.0287638028677477,3.9367088607594938,78,1364,1715,0,Q2
EQIX,2017,0.0379664647049813,0.0454505283551544,0.0304824010548082,3.8767123287671232,73,866,1022,0,Q2
EQIX,2018,0.0577575066200563,0.0589504583436288,0.0565645548964838,3.756756756756757,72,924,972,0,Q3
EQIX,2019,0.0503167370731124,0.0530994231433942,0.0475340510028306,3.756410256410256,76,826,859,0,Q3
EQIX,2020,0.060840155365981,0.0464513331487759,0.0752289775831861,4.590909090909091,240,3728,2065,0,Q3
EQIX,2021,0.058821112523276,0.0762012841204982,0.0414409409260539,4.079136690647482,271,2706,3182,0,Q3
EQIX,2022,0.0682953290974635,0.0628718700583127,0.0737187881366143,3.977346278317152,301,3039,3354,0,Q4 (High)
EQIX,2023,0.0566359921070888,0.058574574209078,0.0546974100050996,4.137404580152672,257,2230,2526,1,Q3
EQIX,2024,0.059751112276878,0.072922303466218,0.0465799210875379,3.8583815028901736,336,2824,3421,1,Q3
EQIX,2025,0.055552468045195,0.0695983920083485,0.0415065440820415,3.4570135746606336,214,1805,3675,1,Q3
EQR,2014,0.0359207374692557,0.0039054226390398,0.0679360522994716,3.4878048780487805,41,593,691,0,Q2
EQR,2015,0.04934119542534,0.0248342956486646,0.0738480952020154,3.7422680412371134,94,1271,1607,0,Q3
EQR,2016,0.0487818502581064,0.0422080037808722,0.0553556967353407,3.642857142857143,84,1331,1569,0,Q3
EQR,2017,0.0419336403152409,0.0294036353730209,0.0544636452574608,3.753246753246753,76,1330,1163,0,Q2
EQR,2018,0.0462131357382714,0.0378102946335545,0.0546159768429883,4.526881720430108,93,2024,1195,0,Q3
EQR,2019,0.0349498953186884,0.0224014225120995,0.0474983681252774,4.114942528735632,87,1474,1704,0,Q2
EQR,2020,0.0375983528385978,0.0314689773116016,0.0437277283655941,3.923076923076923,52,914,1063,0,Q2
EQR,2021,0.0469327679918657,0.0436982476523425,0.050167288331389,4.006944444444445,143,1645,1674,0,Q3
EQR,2022,0.0437439069449673,0.0581875377308319,0.0293002761591027,3.648148148148149,107,1072,2418,0,Q2
EQR,2023,0.0649814718979241,0.0671824662444085,0.0627804775514398,3.858974358974359,77,894,935,1,Q4 (High)
EQR,2024,0.0447960209099933,0.0554387013695674,0.0341533404504192,3.926829268292683,82,1266,980,1,Q3
EQR,2025,0.0634987429263808,0.0518540560399178,0.0751434298128438,4.148936170212766,47,550,456,1,Q4 (High)
ESRT,2015,0.0174298433053662,0.0151367034310498,0.0197229831796827,2.090909090909091,11,153,404,0,Q2
ESRT,2016,0.0151639345023746,0.0165422544639329,0.0137856145408163,2.8,10,140,289,0,Q2
ESRT,2017,0.0529667983502375,0.0450267776769198,0.0609068190235551,3.555555555555556,8,157,266,0,Q3
ESRT,2018,0.0,0.0,0.0,3.4,5,37,36,0,Q1 (Low)
ESRT,2019,0.0387058505548374,0.0272823247681018,0.0501293763415731,4.0,9,344,249,0,Q2
ESRT,2020,0.0324959747333341,0.0286749746514727,0.0363169748151956,2.4,5,85,117,0,Q2
ESRT,2021,0.1133984281076322,0.0436081511039064,0.183188705111358,3.117647058823529,17,109,145,0,Q4 (High)
ESRT,2022,0.0214195838833114,0.0,0.0428391677666228,3.333333333333333,9,91,93,0,Q2
ESRT,2023,0.0652815982017587,0.0681151654397241,0.0624480309637933,2.833333333333333,6,34,82,1,Q4 (High)
ESRT,2024,0.0290163433973236,0.0580326867946472,0.0,4.0,8,42,55,1,Q2
ESRT,2025,0.0609280397667588,0.07922147450543,0.0426346050280876,2.333333333333333,6,60,307,1,Q3
ESS,2014,0.0478066559049765,0.0396716088213006,0.0559417029886523,2.3684210526315788,18,221,508,0,Q3
ESS,2015,0.0493467606528256,0.0524426813396251,0.0462508399660261,2.771428571428572,35,425,959,0,Q3
ESS,2016,0.0398155712462972,0.0218040755519532,0.0578270669406413,2.5675675675675675,37,436,1139,0,Q2
ESS,2017,0.0259161724144882,0.0219371036480933,0.0298952411808831,3.066666666666667,43,550,1075,0,Q2
ESS,2018,0.046482386503081,0.0184612614010294,0.0745035116051326,3.6538461538461537,52,779,1065,0,Q3
ESS,2019,0.0751918390102903,0.0770577405550115,0.0733259374655691,2.933333333333333,14,155,163,0,Q4 (High)
ESS,2020,0.0436238319482329,0.0404652888551569,0.046782375041309,4.386363636363637,132,2602,1595,0,Q2
ESS,2021,0.0512610432776634,0.0524211926558926,0.0501008938994342,4.0583941605839415,131,2176,1817,0,Q3
ESS,2022,0.0465551537593067,0.0409656777077261,0.0521446298108872,3.871428571428571,139,2746,2307,0,Q3
ESS,2023,0.0619565929801937,0.0460120658429924,0.077901120117395,3.888888888888889,89,1825,1142,1,Q3
ESS,2024,0.050652526236027,0.0653288276752822,0.0359762247967719,3.3417721518987342,75,916,1447,1,Q3
ESS,2025,0.0367698919365966,0.0446239380056201,0.0289158458675731,2.9444444444444446,33,325,1316,1,Q2
EXR,2014,0.0469924630621687,0.0320736215205425,0.061911304603795,3.873015873015873,63,1406,1461,0,Q3
EXR,2015,0.0463767212587328,0.0191858263181667,0.073567616199299,3.540983606557377,60,991,1203,0,Q3
EXR,2016,0.0512491297531091,0.0405381125397745,0.0619601469664438,4.114942528735632,255,5154,4676,0,Q3
EXR,2017,0.05059536501641,0.0478578851450398,0.0533328448877802,4.237837837837838,185,3508,3085,0,Q3
EXR,2018,0.0539305589928178,0.0590668039922081,0.0487943139934275,4.363636363636363,229,3358,2574,0,Q3
EXR,2019,0.0524062452172061,0.0425424099274481,0.0622700805069642,4.1835443037974684,156,2646,2690,0,Q3
EXR,2020,0.0462445984148585,0.0471681297500332,0.0453210670796838,3.525773195876289,93,989,1584,0,Q3
EXR,2021,0.0504175911431463,0.0491096781473645,0.051725504138928,4.0534351145038165,255,3106,3322,0,Q3
EXR,2022,0.0475220224673393,0.0508559647867988,0.0441880801478799,3.996794871794872,307,4708,4922,0,Q3
EXR,2023,0.0462557724751249,0.0458681679914098,0.0466433769588401,4.4481830417227455,732,13311,10667,1,Q3
EXR,2024,0.0518081341561333,0.0480148538315518,0.0556014144807148,4.180769230769231,510,8032,7045,1,Q3
EXR,2025,0.0554857272959901,0.053056900603551,0.0579145539884293,4.049107142857143,220,3183,3251,1,Q3
FCPT,2021,0.0677048012604217,0.1354096025208435,0.0,5.0,1,18,8,0,Q4 (High)
FCPT,2024,0.0,0.0,0.0,5.0,1,12,5,1,Q1 (Low)
FR,2014,0.0526344460216049,0.1052688920432099,0.0,2.333333333333333,3,22,37,0,Q3
FR,2015,0.0,0.0,0.0,2.8,5,30,49,0,Q1 (Low)
FR,2016,0.0,0.0,0.0,2.0,1,36,134,0,Q1 (Low)
FR,2017,0.0,0.0,0.0,2.0,1,5,10,0,Q1 (Low)
FR,2018,0.0463183124990123,0.0926366249980247,0.0,3.0,4,25,21,0,Q3
FR,2019,0.0578978906237654,0.1157957812475309,0.0,5.0,2,20,4,0,Q3
FR,2020,0.0812457615125061,0.1624915230250122,0.0,4.333333333333333,3,15,10,0,Q4 (High)
FR,2021,0.0,0.0,0.0,5.0,1,6,5,0,Q1 (Low)
FR,2022,0.1859074403513763,0.1218686422687591,0.2499462384339935,4.0,3,20,17,0,Q4 (High)
FR,2024,0.2031144037812652,0.4062288075625305,0.0,4.0,1,6,5,1,Q4 (High)
FRT,2014,0.0472120672597543,0.0,0.0944241345195086,3.0,2,32,45,0,Q3
FRT,2015,0.0284574471592565,0.0,0.0569148943185131,3.25,4,61,70,0,Q2
FRT,2016,0.0548433935569878,0.0696392241535766,0.040047562960399,2.75,4,35,111,0,Q3
FRT,2017,0.0297121410867932,0.0381192415195975,0.0213050406539888,3.692307692307693,13,230,187,0,Q2
FRT,2018,0.0439166278445978,0.0878332556891957,0.0,4.0,3,111,29,0,Q2
FRT,2019,0.2437372845375183,0.4874745690750366,0.0,5.0,1,5,3,0,Q4 (High)
FRT,2020,0.0644818221098278,0.0432987243258847,0.085664919893771,4.0,7,149,148,0,Q4 (High)
FRT,2021,0.0665801973676017,0.1331603947352034,0.0,4.333333333333333,6,54,75,0,Q4 (High)
FRT,2022,0.0335639945645017,0.0671279891290034,0.0,3.857142857142857,7,69,49,0,Q2
FRT,2023,0.0316193857325073,0.0,0.0632387714650146,4.0,6,80,63,1,Q2
FRT,2024,0.0587420942848491,0.0641413906677679,0.0533427979019303,3.142857142857143,7,38,234,1,Q3
FRT,2025,0.0,0.0,0.0,4.5,2,12,8,1,Q1 (Low)
FSP,2018,0.0,0.0,0.0,4.5,2,36,58,0,Q1 (Low)
FSP,2023,0.0,0.0,0.0,5.0,1,3,8,1,Q1 (Low)
GNL,2024,0.0,0.0,0.0,2.0,1,7,14,1,Q1 (Low)
GTY,2022,0.0,0.0,0.0,5.0,2,8,10,0,Q1 (Low)
GTY,2023,0.0,0.0,0.0,3.0,1,3,3,1,Q1 (Low)
GTY,2024,0.0,0.0,0.0,1.0,1,2,6,1,Q1 (Low)
HHH,2014,0.0804625220817112,0.1059727324076166,0.0549523117558058,2.6666666666666665,3,23,145,0,Q4 (High)
HHH,2015,0.0308655095475701,0.0617310190951402,0.0,3.75,4,77,25,0,Q2
HHH,2016,0.0445793382466132,0.0,0.0891586764932264,3.1818181818181817,11,121,140,0,Q3
HHH,2017,0.037723888499425,0.0527253916866687,0.0227223853121812,3.9375,16,178,187,0,Q2
HHH,2018,0.043494058914484,0.0316541927970803,0.0553339250318878,3.8,5,77,72,0,Q2
HHH,2019,0.0466850017589802,0.0373179618646363,0.0560520416533242,3.2142857142857144,14,258,507,0,Q3
HHH,2020,0.044434979982158,0.060175213506726,0.0286947464575901,2.789473684210526,19,160,435,0,Q3
HHH,2021,0.0219659947531289,0.0439319895062579,0.0,3.608695652173913,22,305,321,0,Q2
HHH,2022,0.0435403736928482,0.0580266330810931,0.0290541143046032,4.235294117647059,15,149,153,0,Q2
HHH,2023,0.05561750443412,0.0803871863439565,0.0308478225242834,3.882352941176471,17,159,166,1,Q3
HHH,2024,0.0921776146748702,0.0827116656994464,0.1016435636502939,3.7142857142857135,14,78,81,1,Q4 (High)
HHH,2025,0.041928692311,0.083857384622,0.0,3.0,10,106,192,1,Q2
HIW,2014,0.0,0.0,0.0,4.0,1,8,11,0,Q1 (Low)
HIW,2015,0.0400179944307794,0.0379658299172232,0.0420701589443355,3.4285714285714284,7,122,101,0,Q2
HIW,2016,0.0214436631939872,0.0428873263879744,0.0,4.0,5,54,38,0,Q2
HIW,2017,0.0697722767429984,0.0,0.1395445534859968,3.6666666666666665,6,84,59,0,Q4 (High)
HIW,2019,0.0,0.0,0.0,2.0,1,8,57,0,Q1 (Low)
HIW,2020,0.0,0.0,0.0,3.6666666666666665,3,20,28,0,Q1 (Low)
HIW,2021,0.0,0.0,0.0,4.0,6,33,46,0,Q1 (Low)
HIW,2022,0.0519524502538981,0.0477916244191212,0.0561132760886749,4.125,8,51,71,0,Q3
HIW,2023,0.0744931826860129,0.0677048012604217,0.0812815641116041,3.571428571428572,7,36,63,1,Q4 (High)
HIW,2024,0.0,0.0,0.0,4.0,5,108,132,1,Q1 (Low)
HIW,2025,0.0553948373948905,0.110789674789781,0.0,3.4,5,22,42,1,Q3
HPP,2014,0.0,0.0,0.0,2.0,1,13,32,0,Q1 (Low)
HPP,2015,0.096088114429454,0.1523358028359489,0.0398404260229592,3.0,2,32,100,0,Q4 (High)
HPP,2016,0.0254383923083118,0.0239838349117003,0.0268929497049233,4.5,8,498,158,0,Q2
HPP,2017,0.0649597983333757,0.0919763337877427,0.0379432628790087,2.25,4,53,210,0,Q4 (High)
HPP,2018,0.0494292200639366,0.0435245150959854,0.0553339250318878,3.5,6,56,144,0,Q3
HPP,2019,0.062688714503435,0.0773769157261962,0.0480005132806737,4.5,4,63,83,0,Q3
HPP,2020,0.0,0.0,0.0,3.0,1,9,10,0,Q1 (Low)
HPP,2021,0.0370962905221702,0.0429493012400913,0.0312432798042491,3.923076923076923,13,227,136,0,Q2
HPP,2022,0.0454429921945408,0.0370115397658451,0.0538744446232365,3.611111111111111,18,191,169,0,Q3
HPP,2023,0.0634741160171648,0.0330845089278659,0.0938637231064637,3.2857142857142856,7,70,97,1,Q4 (High)
HPP,2024,0.0203114403781265,0.040622880756253,0.0,2.888888888888889,9,60,87,1,Q2
HPP,2025,0.0361861816398534,0.0723723632797068,0.0,2.8,5,32,52,1,Q2
HR,2016,0.0,0.0,0.0,2.6666666666666665,3,48,72,0,Q1 (Low)
HR,2017,0.0,0.0,0.0,5.0,1,22,7,0,Q1 (Low)
HR,2018,0.0,0.0,0.0,3.5,2,28,28,0,Q1 (Low)
HR,2019,0.040116809004484,0.080233618008968,0.0,4.333333333333333,6,120,72,0,Q2
HR,2020,0.0340181108405223,0.0680362216810447,0.0,4.5,6,59,44,0,Q2
HR,2021,0.0425913762884971,0.0,0.0851827525769942,3.0,4,32,167,0,Q2
HR,2022,0.083949461729597,0.0803529509464346,0.0875459725127594,3.7,10,91,104,0,Q4 (High)
HR,2023,0.045059289991923,0.0579892041588789,0.0321293758249671,3.5,14,124,124,1,Q3
HR,2024,0.0718249186860599,0.0413256397454079,0.1023241976267118,3.333333333333333,21,174,257,1,Q4 (High)
HR,2025,0.0422980077394175,0.0845960154788351,0.0,3.333333333333333,9,85,82,1,Q2
HST,2014,0.0,0.0,0.0,2.0,1,19,25,0,Q1 (Low)
HST,2015,0.1015572018906326,0.2031144037812652,0.0,2.5,2,12,28,0,Q4 (High)
HST,2017,0.0,0.0,0.0,2.0,1,11,37,0,Q1 (Low)
HST,2019,0.0,0.0,0.0,1.0,1,3,14,0,Q1 (Low)
HST,2020,0.0716874366286818,0.1433748732573637,0.0,5.0,2,17,12,0,Q4 (High)
HST,2021,0.0,0.0,0.0,4.75,4,23,13,0,Q1 (Low)
HST,2022,0.0,0.0,0.0,3.0,1,7,15,0,Q1 (Low)
HST,2024,0.0,0.0,0.0,2.0,1,4,4,1,Q1 (Low)
HST,2025,0.0,0.0,0.0,5.0,1,5,6,1,Q1 (Low)
INN,2014,0.093745109437507,0.1874902188750141,0.0,5.0,1,13,4,0,Q4 (High)
INN,2016,0.0,0.0,0.0,3.5,2,12,25,0,Q1 (Low)
INN,2019,0.2894894531188274,0.5789789062376548,0.0,4.0,1,4,4,0,Q4 (High)
INN,2021,0.1040566116864003,0.2081132233728007,0.0,4.5,4,31,31,0,Q4 (High)
INN,2022,0.1987966687953626,0.2315915624950619,0.1660017750956634,4.0,2,10,24,0,Q4 (High)
INN,2023,0.0,0.0,0.0,5.0,1,13,9,1,Q1 (Low)
INN,2024,0.0,0.0,0.0,2.5,2,21,17,1,Q1 (Low)
INN,2025,0.0,0.0,0.0,4.0,1,3,3,1,Q1 (Low)
INVH,2014,0.0513873821775748,0.0833429683793362,0.0194317959758135,2.5,28,393,656,0,Q3
INVH,2015,0.0499032717033398,0.0467925271375074,0.0530140162691721,2.7346938775510203,47,560,1339,0,Q3
INVH,2016,0.0467724071439453,0.0334081767150084,0.0601366375728822,2.6122448979591835,48,682,1441,0,Q3
INVH,2017,0.0315961847452033,0.0518740666429751,0.0113183028474316,3.071428571428572,27,216,352,0,Q2
INVH,2018,0.052642503476785,0.0717408920624695,0.0335441148911005,3.3870967741935485,30,299,406,0,Q3
INVH,2019,0.0936625855762706,0.1123064226527664,0.0750187484997748,2.625,24,191,489,0,Q4 (High)
INVH,2020,0.0614673991521779,0.0753444592542182,0.0475903390501376,3.1904761904761907,21,220,173,0,Q3
INVH,2021,0.0518521511084605,0.0630408485205635,0.0406634536963574,4.181818181818182,95,1811,1088,0,Q3
INVH,2022,0.0665944065914706,0.0866649587541548,0.0465238544287865,4.042553191489362,47,585,448,0,Q4 (High)
INVH,2023,0.0808579438862949,0.0913873104735875,0.0703285772990022,3.217391304347826,45,328,737,1,Q4 (High)
INVH,2024,0.0515903509624706,0.0550673320928397,0.0481133698321015,3.313725490196078,48,436,887,1,Q3
INVH,2025,0.0878830442916269,0.1239950390935793,0.0517710494896744,3.125,40,399,576,1,Q4 (High)
IRM,2023,0.0438587880100844,0.0415552431284428,0.0461623328917261,2.933333333333333,15,349,453,1,Q2
IRM,2024,0.049026995440885,0.0452853356519912,0.0527686552297787,3.215686274509804,143,1149,1776,1,Q3
IRM,2025,0.0602164500267541,0.0822238246317744,0.0382090754217339,3.117647058823529,96,876,1413,1,Q3
IVT,2014,0.0380887178553209,0.0,0.0761774357106418,3.2,5,48,123,0,Q2
IVT,2015,0.042545706267883,0.0,0.0850914125357661,2.1666666666666665,6,66,107,0,Q2
IVT,2016,0.0,0.0,0.0,4.0,1,14,15,0,Q1 (Low)
IVT,2017,0.048438006865463,0.0257323958327846,0.0711436178981414,3.333333333333333,6,90,112,0,Q3
IVT,2019,0.1736308407586891,0.0857746527759488,0.2614870287414293,4.5,2,27,17,0,Q4 (High)
IVT,2020,0.0,0.0,0.0,4.0,1,4,5,0,Q1 (Low)
IVT,2021,0.0,0.0,0.0,1.0,1,3,5,0,Q1 (Low)
IVT,2022,0.0591017937294126,0.055594017196793,0.0626095702620323,4.555555555555555,9,171,71,0,Q3
IVT,2024,0.0,0.0,0.0,5.0,3,24,16,1,Q1 (Low)
IVT,2025,0.0,0.0,0.0,3.0,1,3,3,1,Q1 (Low)
JBGS,2014,0.0,0.0,0.0,4.2,5,64,40,0,Q1 (Low)
JBGS,2015,0.0578439780802878,0.0188285823166717,0.096859373843904,4.222222222222222,9,123,94,0,Q3
JBGS,2016,0.0286724077084402,0.0573448154168805,0.0,3.7142857142857135,7,70,94,0,Q2
JBGS,2017,0.0640318406029892,0.1065283157881627,0.0215353654178158,3.7142857142857135,14,135,185,0,Q4 (High)
JBGS,2018,0.0764773122293129,0.0782946527523326,0.0746599717062933,3.3529411764705883,17,151,217,0,Q4 (High)
JBGS,2019,0.0375861735581536,0.0178147355765432,0.057357611539764,3.7,10,130,213,0,Q2
JBGS,2020,0.0215307915106539,0.0430615830213078,0.0,4.0,8,147,130,0,Q2
JBGS,2021,0.0323309383425545,0.0176241698914239,0.0470377067936851,4.075,36,408,789,0,Q2
JBGS,2022,0.0379708392323634,0.0532065782940378,0.0227351001706889,4.2,44,735,546,0,Q2
JBGS,2023,0.0536802816104123,0.087597372274881,0.0197631909459436,3.64,25,192,215,1,Q3
JBGS,2024,0.0617445257585597,0.0618978668356137,0.0615911846815058,3.4545454545454546,22,191,220,1,Q3
JBGS,2025,0.0,0.0,0.0,3.7142857142857135,7,43,59,1,Q1 (Low)
KIM,2014,0.0218482606127416,0.0436965212254833,0.0,4.4,5,53,42,0,Q2
KIM,2015,0.0261822373899126,0.0523644747798253,0.0,2.2,10,135,277,0,Q2
KIM,2016,0.0339088698021318,0.0,0.0678177396042637,3.125,8,129,193,0,Q2
KIM,2017,0.0572529595963433,0.0579442958629214,0.0565616233297651,3.0,8,122,310,0,Q3
KIM,2018,0.247228248007847,0.1932365819550436,0.3012199140606504,3.2,5,46,34,0,Q4 (High)
KIM,2019,0.1155266328119403,0.1697603025116357,0.0612929631122449,3.0,6,28,65,0,Q4 (High)
KIM,2020,0.0672915682276275,0.0579669325649488,0.0766162038903062,4.0,10,82,104,0,Q4 (High)
KIM,2021,0.0947152051926187,0.1528795608228896,0.0365508495623479,3.5625,16,102,109,0,Q4 (High)
KIM,2022,0.0443427717921126,0.0457046968300557,0.0429808467541694,3.294117647058824,16,104,218,0,Q3
KIM,2023,0.0197229831796827,0.0,0.0394459663593655,3.857142857142857,14,88,101,1,Q2
KIM,2024,0.1762977432265287,0.227792989306283,0.1248024971467745,3.583333333333333,11,84,107,1,Q4 (High)
KIM,2025,0.0818857256191373,0.1081801591132153,0.0555912921250593,3.333333333333333,8,89,215,1,Q4 (High)
KRC,2014,0.0,0.0,0.0,3.5,2,14,23,0,Q1 (Low)
KRC,2015,0.1727214357904237,0.1447447265594137,0.2006981450214338,3.25,4,32,42,0,Q4 (High)
KRC,2016,0.0565045564640901,0.1130091129281803,0.0,3.0,6,97,65,0,Q3
KRC,2017,0.0393124652479868,0.0786249304959736,0.0,3.75,4,31,36,0,Q2
KRC,2018,0.1320357908423833,0.2640715816847667,0.0,3.5,2,18,7,0,Q4 (High)
KRC,2019,0.0601046892749331,0.0712589423061729,0.0489504362436934,3.0,6,65,186,0,Q3
KRC,2020,0.0229940834469356,0.0459881668938713,0.0,3.875,8,53,116,0,Q2
KRC,2021,0.0253468283360368,0.0,0.0506936566720736,3.4,9,79,241,0,Q2
KRC,2022,0.0199647898702639,0.0399295797405279,0.0,3.875,8,58,127,0,Q2
KRC,2023,0.0206557020794507,0.0413114041589014,0.0,3.1666666666666665,6,59,65,1,Q2
KRC,2024,0.0740791596649533,0.0801932488739886,0.067965070455918,3.75,12,269,259,1,Q4 (High)
KRC,2025,0.0847388694005842,0.1065283157881627,0.0629494230130058,4.0,7,135,135,1,Q4 (High)
KRG,2015,0.0,0.0,0.0,4.0,1,5,4,0,Q1 (Low)
KRG,2016,0.0,0.0,0.0,1.5,2,19,37,0,Q1 (Low)
KRG,2017,0.0246374002654321,0.0492748005308642,0.0,2.75,4,47,16,0,Q2
KRG,2018,0.0,0.0,0.0,3.0,1,4,3,0,Q1 (Low)
KRG,2019,0.099601065057398,0.0,0.1992021301147961,2.333333333333333,3,40,40,0,Q4 (High)
KRG,2020,0.0,0.0,0.0,2.25,4,27,199,0,Q1 (Low)
KRG,2021,0.0241591276554581,0.0,0.0483182553109162,3.4,5,35,92,0,Q2
KRG,2022,0.0411522350459815,0.082304470091963,0.0,4.142857142857143,7,108,75,0,Q2
KRG,2023,0.3020364614765406,0.4229800773941756,0.1810928455589056,3.25,4,17,22,1,Q4 (High)
KRG,2024,0.05772436800449,0.0541638410083374,0.0612848950006426,3.5,6,90,208,1,Q3
KRG,2025,0.1365368376870067,0.0964964843729424,0.1765771910010709,4.333333333333333,3,24,29,1,Q4 (High)
LADR,2017,0.0,0.0,0.0,2.0,1,5,10,0,Q1 (Low)
LADR,2018,0.0,0.0,0.0,5.0,1,6,5,0,Q1 (Low)
LADR,2024,0.0,0.0,0.0,5.0,1,4,2,1,Q1 (Low)
LAMR,2014,0.0830905560988352,0.0390563762169968,0.1271247359806737,3.3125,15,181,269,0,Q4 (High)
LAMR,2015,0.0573240657380752,0.035179351297935,0.0794687801782154,3.1714285714285717,34,516,795,0,Q3
LAMR,2016,0.0719259071971448,0.0512088603134351,0.0926429540808545,3.6666666666666665,20,202,220,0,Q4 (High)
LAMR,2017,0.048493583644896,0.0439662237714705,0.0530209435183215,3.5588235294117645,32,302,332,0,Q3
LAMR,2018,0.0569866032609174,0.0613718628196736,0.0526013437021612,3.5357142857142856,26,246,308,0,Q3
LAMR,2019,0.0282713918887794,0.0,0.0565427837775588,3.5789473684210527,19,181,290,0,Q2
LAMR,2020,0.0528837357264821,0.0729422244078935,0.0328252470450708,3.954545454545455,21,127,156,0,Q3
LAMR,2021,0.0756939612684767,0.0642962427931501,0.0870916797438033,3.625,54,377,518,0,Q4 (High)
LAMR,2022,0.0324560120868656,0.051429646500987,0.0134823776727442,3.7,46,410,591,0,Q2
LAMR,2023,0.07982615911934,0.1080894214123918,0.0515628968262883,4.338235294117647,65,820,546,1,Q4 (High)
LAMR,2024,0.0637226913005093,0.0886900872096358,0.0387552953913827,4.418367346938775,98,1022,797,1,Q4 (High)
LAMR,2025,0.0814860575374207,0.0824329898109991,0.0805391252638424,4.081081081081081,36,297,221,1,Q4 (High)
LINE,2014,0.0253223046756096,0.0,0.0506446093512193,2.8461538461538463,13,107,236,0,Q2
LINE,2015,0.058064336373314,0.0492619735272377,0.0668666992193903,2.586206896551724,29,272,442,0,Q3
LINE,2016,0.0556339329594968,0.0491248200516072,0.0621430458673863,2.5,22,176,279,0,Q3
LINE,2017,0.0429928281995918,0.0312128820544508,0.0547727743447328,3.064516129032258,31,277,600,0,Q2
LINE,2018,0.0532451841197121,0.0333886691147285,0.0731016991246958,3.4545454545454546,21,219,218,0,Q3
LINE,2019,0.0211490038697087,0.0422980077394175,0.0,3.12,24,170,170,0,Q2
LINE,2020,0.0652957278769705,0.0829342146963278,0.0476572410576132,3.452830188679245,52,348,531,0,Q4 (High)
LINE,2021,0.0316401496867367,0.0250379934754958,0.0382423058979776,3.324561403508772,113,725,1283,0,Q2
LINE,2022,0.0563573873853685,0.0617105959322339,0.0510041788385031,3.418181818181818,158,1009,1432,0,Q3
LINE,2023,0.0497089283234119,0.0604332569017572,0.0389845997450667,3.195804195804196,135,919,1359,1,Q3
LINE,2024,0.0523732903912895,0.0543670556025694,0.0503795251800097,3.368794326241135,132,910,1391,1,Q3
LINE,2025,0.0706533318440444,0.0761586103194353,0.0651480533686536,3.3625,79,456,619,1,Q4 (High)
LXP,2015,0.2655678783361181,0.0,0.5311357566722363,4.0,1,10,8,0,Q4 (High)
LXP,2017,0.0,0.0,0.0,5.0,1,8,3,0,Q1 (Low)
LXP,2019,0.0,0.0,0.0,5.0,1,7,2,0,Q1 (Low)
LXP,2021,0.0,0.0,0.0,3.0,1,4,3,0,Q1 (Low)
LXP,2022,0.0,0.0,0.0,5.0,1,5,3,0,Q1 (Low)
MAA,2014,0.0356342481580033,0.0308655095475701,0.0404029867684366,3.0434782608695654,23,308,584,0,Q2
MAA,2015,0.0250806903252311,0.0223100489279192,0.0278513317225429,3.3421052631578947,37,437,613,0,Q2
MAA,2016,0.036387259211547,0.0375147173650063,0.0352598010580876,3.581818181818182,53,747,1456,0,Q2
MAA,2017,0.0420730700959638,0.0241647923516913,0.0599813478402363,3.0,52,696,814,0,Q2
MAA,2018,0.0353780523774863,0.0346913298550977,0.0360647748998748,3.4038461538461537,51,453,705,0,Q2
MAA,2019,0.0693263481959304,0.0773871374931369,0.0612655588987239,3.96875,32,351,337,0,Q4 (High)
MAA,2020,0.0595818042547376,0.0767500653569351,0.0424135431525401,3.6666666666666665,50,343,899,0,Q3
MAA,2021,0.0455470820450159,0.0491231293354861,0.0419710347545458,3.7708333333333335,91,764,1049,0,Q3
MAA,2022,0.049271507294956,0.0584587764005781,0.040084238189334,3.7155172413793114,104,888,1452,0,Q3
MAA,2023,0.0448688741303064,0.0454856416317704,0.0442521066288425,3.51948051948052,67,659,698,1,Q3
MAA,2024,0.045590318103052,0.0685258342213053,0.0226548019847987,3.604395604395605,82,754,1668,1,Q3
MAA,2025,0.0295662374411198,0.0508668263297585,0.0082656485524811,3.651162790697674,40,534,482,1,Q2
MAC,2014,0.038457481224546,0.0496269994196678,0.0272879630294241,3.2222222222222223,9,130,292,0,Q2
MAC,2015,0.1063530723449502,0.1458865456543021,0.0668195990355984,3.375,16,197,326,0,Q4 (High)
MAC,2016,0.0381070876676025,0.0493554611624235,0.0268587141727815,3.095238095238096,21,284,445,0,Q2
MAC,2017,0.0212200378139544,0.0424400756279089,0.0,3.4444444444444446,9,112,154,0,Q2
MAC,2018,0.048595992933071,0.0444931718934953,0.0526988139726467,3.1052631578947367,19,145,329,0,Q3
MAC,2019,0.1013719970074603,0.1408407710399296,0.061903222974991,3.4545454545454546,11,96,133,0,Q4 (High)
MAC,2020,0.0488804957592443,0.0642816419193633,0.0334793495991254,4.333333333333333,15,146,119,0,Q3
MAC,2021,0.0517258836239738,0.1034517672479476,0.0,4.064516129032258,30,205,189,0,Q3
MAC,2022,0.0490379972391171,0.0594050764308942,0.03867091804734,2.8,18,119,321,0,Q3
MAC,2023,0.0810609131714585,0.0896846881193547,0.0724371382235622,4.142857142857143,7,53,55,1,Q4 (High)
MAC,2024,0.0530921954277939,0.0742039628800173,0.0319804279755705,3.6,15,151,139,1,Q3
MAC,2025,0.0669273185172067,0.0,0.1338546370344135,3.333333333333333,6,46,70,1,Q4 (High)
MFA,2020,0.0,0.0,0.0,4.0,1,4,1,0,Q1 (Low)
MFA,2021,0.1929929687458849,0.3859859374917698,0.0,3.0,1,6,4,0,Q4 (High)
MFA,2022,0.0771971874983539,0.1543943749967079,0.0,4.0,2,15,9,0,Q4 (High)
MFA,2023,0.0,0.0,0.0,3.0,1,6,5,1,Q1 (Low)
MFA,2024,0.0296912259609053,0.0593824519218107,0.0,5.0,1,39,6,1,Q2
MPW,2022,0.0,0.0,0.0,5.0,1,3,2,0,Q1 (Low)
MPW,2023,0.0,0.0,0.0,2.0,1,5,3,1,Q1 (Low)
MPW,2024,0.0,0.0,0.0,1.0,3,14,58,1,Q1 (Low)
MPW,2025,0.0,0.0,0.0,2.333333333333333,3,27,51,1,Q1 (Low)
NHI,2021,0.0,0.0,0.0,5.0,1,5,3,0,Q1 (Low)
NNN,2014,0.1650589946090322,0.0,0.3301179892180645,2.5,2,28,39,0,Q4 (High)
NNN,2015,0.0,0.0,0.0,3.0,1,9,32,0,Q1 (Low)
NNN,2021,0.0,0.0,0.0,3.5,2,9,9,0,Q1 (Low)
NNN,2022,0.0,0.0,0.0,3.0,1,12,8,0,Q1 (Low)
NNN,2023,0.0,0.0,0.0,3.0,1,5,5,1,Q1 (Low)
NNN,2025,0.0,0.0,0.0,5.0,1,5,2,1,Q1 (Low)
NREF,2021,0.0524031569579352,0.0763488667566138,0.0284574471592565,3.8,5,91,140,0,Q3
NREF,2022,0.15969751333653,0.0354476881369992,0.2839473385360608,4.25,8,196,65,0,Q4 (High)
NREF,2023,0.0,0.0,0.0,5.0,1,10,5,1,Q1 (Low)
NREF,2024,0.0,0.0,0.0,4.5,2,11,17,1,Q1 (Low)
NREF,2025,0.0,0.0,0.0,4.0,1,8,7,1,Q1 (Low)
NSA,2020,0.2360603362987716,0.0,0.4721206725975433,4.5,2,11,9,0,Q4 (High)
NSA,2021,0.0647036671386862,0.0840473394956959,0.0453599947816765,2.2,5,29,98,0,Q4 (High)
NSA,2022,0.037325171944403,0.0459881668938713,0.0286621769949346,3.230769230769231,13,106,139,0,Q2
NSA,2023,0.0407065917480827,0.0461953830953929,0.0352178004007725,4.35,39,588,360,1,Q2
NSA,2024,0.0236695604234983,0.0473391208469966,0.0,3.612903225806452,31,270,382,1,Q2
NSA,2025,0.0980023282469028,0.1598277275655857,0.0361769289282198,2.333333333333333,9,61,259,1,Q4 (High)
NTST,2022,0.0119377094069619,0.0238754188139239,0.0,5.0,3,97,24,0,Q1 (Low)
NTST,2023,0.1015572018906326,0.2031144037812652,0.0,3.0,2,12,38,1,Q4 (High)
NTST,2024,0.0507786009453163,0.1015572018906326,0.0,5.0,2,24,8,1,Q3
O,2015,0.1634263866683804,0.0,0.3268527733367608,5.0,2,29,13,0,Q4 (High)
O,2016,0.0933017527364169,0.0658749417668968,0.120728563705937,3.5,2,37,33,0,Q4 (High)
O,2017,0.0,0.0,0.0,5.0,4,127,39,0,Q1 (Low)
O,2018,0.0,0.0,0.0,5.0,1,4,3,0,Q1 (Low)
O,2019,0.0524216131881042,0.0,0.1048432263762084,2.0,1,4,38,0,Q3
O,2020,0.0580326867946472,0.1160653735892944,0.0,5.0,3,21,26,0,Q3
O,2021,0.194833991906611,0.081712060405693,0.3079559234075291,3.875,8,88,44,0,Q4 (High)
O,2022,0.0172954431198722,0.0253105532781488,0.0092803329615956,3.7,20,183,479,0,Q2
O,2023,0.0388648864343127,0.0538585029058283,0.0238712699627971,3.857142857142857,7,43,178,1,Q2
O,2024,0.050202003998011,0.0,0.1004040079960221,3.9,10,93,82,1,Q3
O,2025,0.0596143671818764,0.0593824519218107,0.0598462824419421,3.571428571428572,7,39,71,1,Q3
OHI,2014,0.0241241210932356,0.0482482421864712,0.0,3.8333333333333335,5,48,62,0,Q2
OHI,2015,0.0544427898900408,0.0826747731860295,0.0262108065940521,3.125,16,143,152,0,Q3
OHI,2016,0.0364572915068725,0.072914583013745,0.0,3.2916666666666665,24,224,277,0,Q2
OHI,2017,0.0673738429491948,0.061750934503409,0.0729967513949806,3.051282051282051,39,302,351,0,Q4 (High)
OHI,2018,0.0374290917549531,0.0383853418500102,0.036472841659896,3.323529411764706,33,181,233,0,Q2
OHI,2019,0.0373869724031017,0.0603702632693293,0.0144036815368742,3.4204545454545454,86,561,590,0,Q2
OHI,2020,0.0593675483545245,0.0868962750869186,0.0318388216221305,3.308333333333333,117,680,1051,0,Q3
OHI,2021,0.0708128814302279,0.1174783276354348,0.024147435225021,3.7375886524822697,272,1712,1567,0,Q4 (High)
OHI,2022,0.0702478694143718,0.120270790702369,0.0202249481263747,3.753012048192771,312,1929,2081,0,Q4 (High)
OHI,2023,0.061837963455172,0.0918539856971405,0.0318219412132036,3.757575757575758,274,2010,1930,1,Q3
OHI,2024,0.0679300631336126,0.1027084754637167,0.0331516508035084,3.906698564593301,390,3088,2626,1,Q4 (High)
OHI,2025,0.0560921048117782,0.0797785924931233,0.0324056171304331,3.8484848484848486,257,1932,2477,1,Q3
OUT,2014,0.0431921129046952,0.0491367524619216,0.0372474733474687,2.6,13,191,328,0,Q2
OUT,2015,0.0699952624721523,0.0454101102931494,0.0945804146511552,3.272727272727273,10,102,94,0,Q4 (High)
OUT,2016,0.057952517260113,0.0345174234232576,0.0813876110969683,2.8260869565217392,23,254,456,0,Q3
OUT,2017,0.0575077353875058,0.054298584060324,0.0607168867146876,2.870967741935484,31,406,490,0,Q3
OUT,2018,0.0541418812540146,0.0385985937491769,0.0696851687588523,2.333333333333333,15,180,245,0,Q3
OUT,2019,0.051913729988309,0.0177910426669721,0.086036417309646,2.769230769230769,13,137,142,0,Q3
OUT,2020,0.0268926240692552,0.0248811810231868,0.0289040671153237,3.5454545454545454,22,289,315,0,Q2
OUT,2021,0.0547050631208476,0.0536195784247647,0.0557905478169306,3.3902439024390243,39,384,525,0,Q3
OUT,2022,0.0817286503847995,0.163457300769599,0.0,4.0,30,196,222,0,Q4 (High)
OUT,2023,0.0633794528466624,0.0982194263051875,0.0285394793881373,3.7954545454545454,41,330,600,1,Q4 (High)
OUT,2024,0.067892155758772,0.0761347817735395,0.0596495297440045,3.7142857142857135,42,373,530,1,Q4 (High)
OUT,2025,0.0809119379579352,0.0629061593901654,0.0989177165257051,3.3870967741935485,31,240,384,1,Q4 (High)
PDM,2015,0.0,0.0,0.0,4.0,1,10,9,0,Q1 (Low)
PDM,2016,0.0,0.0,0.0,4.0,1,6,10,0,Q1 (Low)
PDM,2017,0.0,0.0,0.0,3.6666666666666665,2,19,22,0,Q1 (Low)
PDM,2018,0.0,0.0,0.0,5.0,1,17,7,0,Q1 (Low)
PDM,2019,0.0,0.0,0.0,2.0,1,17,26,0,Q1 (Low)
PDM,2020,0.0,0.0,0.0,2.6666666666666665,3,30,42,0,Q1 (Low)
PDM,2021,0.095065769406516,0.1901315388130321,0.0,5.0,2,25,17,0,Q4 (High)
PDM,2022,0.0,0.0,0.0,4.0,1,7,10,0,Q1 (Low)
PDM,2024,0.2930231367562331,0.1433748732573637,0.4426714002551025,4.5,2,17,9,1,Q4 (High)
PEB,2015,0.0,0.0,0.0,2.6666666666666665,3,20,55,0,Q1 (Low)
PEB,2016,0.0,0.0,0.0,4.0,1,10,5,0,Q1 (Low)
PEB,2020,0.0,0.0,0.0,3.0,1,6,5,0,Q1 (Low)
PEB,2021,0.0,0.0,0.0,3.0,1,3,3,0,Q1 (Low)
PEB,2022,0.0,0.0,0.0,5.0,1,22,11,0,Q1 (Low)
PEB,2023,0.0,0.0,0.0,4.0,1,5,4,1,Q1 (Low)
PEB,2024,0.0,0.0,0.0,2.0,1,5,3,1,Q1 (Low)
PGRE,2016,0.0,0.0,0.0,4.0,2,29,25,0,Q1 (Low)
PGRE,2017,0.1157957812475309,0.2315915624950619,0.0,3.0,2,10,13,0,Q4 (High)
PGRE,2018,0.0,0.0,0.0,1.0,1,4,12,0,Q1 (Low)
PGRE,2019,0.0,0.0,0.0,2.0,2,6,18,0,Q1 (Low)
PGRE,2021,0.0,0.0,0.0,3.0,2,10,29,0,Q1 (Low)
PGRE,2022,0.0,0.0,0.0,3.333333333333333,6,39,68,0,Q1 (Low)
PGRE,2023,0.0,0.0,0.0,3.0,1,4,5,1,Q1 (Low)
PGRE,2024,0.0,0.0,0.0,5.0,1,6,1,1,Q1 (Low)
PGRE,2025,0.0529863662038083,0.1059727324076166,0.0,3.25,4,23,16,1,Q3
PK,2019,0.0,0.0,0.0,4.0,1,5,4,0,Q1 (Low)
PK,2020,0.0,0.0,0.0,1.0,2,12,16,0,Q1 (Low)
PK,2021,0.2315915624950619,0.4631831249901239,0.0,5.0,0,5,2,0,Q4 (High)
PK,2022,0.0,0.0,0.0,5.0,1,14,2,0,Q1 (Low)
PK,2024,0.0,0.0,0.0,2.6666666666666665,3,13,35,1,Q1 (Low)
PK,2025,0.0284574471592565,0.0,0.0569148943185131,2.25,4,17,70,1,Q2
PLYM,2021,0.2315915624950619,0.4631831249901239,0.0,3.0,1,5,4,0,Q4 (High)
PLYM,2022,0.0,0.0,0.0,1.0,1,4,21,0,Q1 (Low)
PLYM,2024,0.0,0.0,0.0,5.0,1,5,3,1,Q1 (Low)
PLYM,2025,0.0,0.0,0.0,1.0,1,3,31,1,Q1 (Low)
PMT,2014,0.0596804988507565,0.0780566582221208,0.0413043394793921,2.04,25,231,812,0,Q3
PMT,2015,0.0426159729086773,0.0357323201902955,0.049499625627059,2.833333333333333,41,450,948,0,Q2
PMT,2016,0.0294834295664682,0.02500277177772,0.0339640873552163,2.441860465116279,40,453,1355,0,Q2
PMT,2017,0.0415773426173012,0.0385651715964584,0.044589513638144,3.419753086419753,79,1131,1354,0,Q2
PMT,2018,0.0612341481239447,0.0498052888949174,0.0726630073529721,3.136363636363636,42,717,635,0,Q3
PMT,2019,0.028448499431702,0.0287761730402767,0.0281208258231272,3.2063492063492065,61,796,1082,0,Q2
PMT,2020,0.0398318784470914,0.0406172022101001,0.0390465546840826,4.254237288135593,118,1782,1211,0,Q2
PMT,2021,0.0493341378654132,0.0513261537743508,0.0473421219564755,3.579804560260586,296,2780,3731,0,Q3
PMT,2022,0.0505811572030021,0.046091417486944,0.0550708969190603,3.03960396039604,375,3363,6453,0,Q3
PMT,2023,0.0495280635927273,0.0358819938897258,0.0631741332957287,3.0588235294117645,165,1199,2600,1,Q3
PMT,2024,0.0617871592536649,0.069516811754565,0.0540575067527648,2.9510489510489517,135,936,1996,1,Q3
PMT,2025,0.0596808740768105,0.0643384549716667,0.0550232931819543,3.083333333333333,69,536,1082,1,Q3
PSA,2014,0.0363887128164766,0.0247146183627117,0.0480628072702415,2.772727272727273,153,3565,7023,0,Q2
PSA,2015,0.0541883447320977,0.0387841228680793,0.0695925665961161,2.9954337899543377,215,4294,6531,0,Q3
PSA,2016,0.0416824478673855,0.038569730350351,0.0447951653844199,2.941860465116279,167,2932,5826,0,Q2
PSA,2017,0.0404614805494102,0.0258791337267084,0.0550438273721121,3.115107913669065,139,2109,3000,0,Q2
PSA,2018,0.0468680211854946,0.0346158750427618,0.0591201673282273,3.0451612903225804,151,2285,3193,0,Q3
PSA,2019,0.0357172887121969,0.0304005267183963,0.0410340507059974,3.141414141414141,99,1347,2186,0,Q2
PSA,2020,0.0330261581722253,0.0227314917339586,0.0433208246104921,3.16260162601626,122,1324,1593,0,Q2
PSA,2021,0.0395867425276084,0.033606209057169,0.0455672759980478,3.2418604651162792,203,2647,3289,0,Q2
PSA,2022,0.0381631457812572,0.0297345344683894,0.046591757094125,2.84,167,1524,3831,0,Q2
PSA,2023,0.0394746592582806,0.0336587405352475,0.0452905779813137,2.761290322580645,146,1213,2258,1,Q2
PSA,2024,0.0429802616229087,0.0347833257564442,0.0511771974893733,2.7434210526315788,142,1065,2302,1,Q2
PSA,2025,0.0339301032838684,0.0236924590303162,0.0441677475374206,2.63855421686747,79,607,1949,1,Q2
PSTL,2022,2.510533464123204,1.4612375915845737,3.559829336661834,4.0,0,6,5,1,Q4 (High)
RC,2019,0.0,0.0,0.0,1.0,1,6,33,0,Q1 (Low)
RC,2020,0.0827112723196649,0.1654225446393299,0.0,4.0,3,14,19,0,Q4 (High)
RC,2021,0.0290163433973236,0.0580326867946472,0.0,4.0,5,42,26,0,Q2
RC,2022,0.0773382500059653,0.0609343211343795,0.0937421788775511,2.8,5,40,85,0,Q4 (High)
RC,2023,0.2150503308185608,0.4301006616371216,0.0,4.333333333333333,3,15,13,1,Q4 (High)
RC,2024,0.0827112723196649,0.1654225446393299,0.0,4.666666666666667,3,14,17,1,Q4 (High)
RC,2025,0.0,0.0,0.0,2.333333333333333,3,13,13,1,Q1 (Low)
REG,2014,0.0659722688955836,0.1319445377911673,0.0,3.75,8,84,127,0,Q4 (High)
REG,2015,0.0172829524250046,0.0345659048500092,0.0,4.375,8,67,59,0,Q2
REG,2016,0.0214436631939872,0.0428873263879744,0.0,4.444444444444445,9,108,72,0,Q2
REG,2017,0.0604606902234551,0.0858049667826302,0.03511641366428,4.0,10,132,121,0,Q3
REG,2018,0.0982496401032145,0.1964992802064291,0.0,4.0,9,44,48,0,Q4 (High)
REG,2019,0.0641868944071744,0.1283737888143489,0.0,4.0,6,75,65,0,Q4 (High)
REG,2020,0.0827112723196649,0.1654225446393299,0.0,3.8,5,28,71,0,Q4 (High)
REG,2021,0.0594067249871154,0.0544921323517792,0.0643213176224516,3.9375,16,85,128,0,Q3
REG,2022,0.0,0.0,0.0,3.8181818181818175,10,105,85,0,Q1 (Low)
REG,2023,0.0224021319818569,0.0333886691147285,0.0114155948489854,4.090909090909091,11,73,349,1,Q2
REG,2024,0.0533061237273289,0.0204821247510519,0.0861301227036059,4.0,16,119,148,1,Q3
REG,2025,0.0443702413788311,0.0413114041589014,0.0474290785987609,3.625,8,59,84,1,Q3
RHP,2016,0.0620337492745848,0.1240674985491697,0.0,4.333333333333333,3,52,40,0,Q3
RHP,2017,0.0364463066573126,0.0260215238758496,0.0468710894387755,4.0,7,89,85,0,Q2
RHP,2018,0.0412505400887607,0.0691318097000184,0.013369270477503,2.6666666666666665,6,67,298,0,Q2
RHP,2019,0.0323824609102273,0.0254186549215283,0.0393462668989264,2.2857142857142856,7,187,729,0,Q2
RHP,2020,0.0319699631521831,0.0639399263043662,0.0,4.181818181818182,11,99,189,0,Q2
RHP,2021,0.0886442071604368,0.1772884143208736,0.0,3.25,8,66,86,0,Q4 (High)
RHP,2022,0.105449316239086,0.1063038209816003,0.1045948114965717,4.076923076923077,13,133,85,0,Q4 (High)
RHP,2023,0.0433084056455599,0.0282933837519392,0.0583234275391806,3.7,10,168,354,1,Q2
RHP,2024,0.079925084474998,0.0508992445044092,0.1089509244455869,4.083333333333333,12,91,117,1,Q4 (High)
RHP,2025,0.0174174780239151,0.0,0.0348349560478303,3.5,4,18,147,1,Q2
RLJ,2024,0.0,0.0,0.0,4.0,1,8,14,1,Q1 (Low)
RLJ,2025,0.0300479148017292,0.0,0.0600958296034584,2.0,4,31,137,1,Q2
RPT,2019,0.0,0.0,0.0,4.0,1,5,6,0,Q1 (Low)
RPT,2020,0.0,0.0,0.0,2.0,1,6,8,0,Q1 (Low)
RPT,2025,0.0,0.0,0.0,4.0,2,10,12,1,Q1 (Low)
SAFE,2024,0.3540905044481575,0.0,0.7081810088963151,3.0,1,6,6,1,Q4 (High)
SBAC,2014,0.0621412984678564,0.0687410944471326,0.0555415024885801,2.909090909090909,11,163,300,0,Q3
SBAC,2015,0.0190391170318241,0.0109759034357849,0.0271023306278634,3.733333333333333,14,211,147,0,Q2
SBAC,2016,0.0451485313175241,0.0639122332563605,0.0263848293786877,3.9361702127659575,46,879,498,0,Q3
SBAC,2017,0.0226231298351715,0.032315101743497,0.0129311579268461,2.875,16,215,396,0,Q2
SBAC,2018,0.0459469568169968,0.019723188673551,0.0721707249604427,3.4444444444444446,16,241,172,0,Q3
SBAC,2019,0.0171076184130968,0.013246591550952,0.0209686452752417,2.75,16,184,190,0,Q2
SBAC,2020,0.0750221528298345,0.0803872725688195,0.0696570330908495,4.636363636363637,128,1851,1016,0,Q4 (High)
SBAC,2021,0.0632540159666027,0.0690607596020715,0.057447272331134,4.422680412371134,94,1309,742,0,Q3
SBAC,2022,0.0618309759170401,0.0899939861808754,0.0336679656532049,4.346938775510204,48,543,355,0,Q3
SBAC,2023,0.0695786411271699,0.0822656626024379,0.0568916196519019,3.8620689655172415,55,714,657,1,Q4 (High)
SBAC,2024,0.053173221060307,0.0911970558621665,0.0151493862584475,3.2790697674418605,43,286,601,1,Q3
SBAC,2025,0.0278054605514323,0.0233241420610065,0.032286779041858,3.411764705882353,15,209,255,1,Q2
SILA,2017,0.0,0.0,0.0,5.0,1,5,3,0,Q1 (Low)
SILA,2018,0.2573239583278465,0.5146479166556931,0.0,4.0,1,9,5,0,Q4 (High)
SILA,2019,0.1117357719018451,0.2234715438036902,0.0,5.0,4,133,30,0,Q4 (High)
SILA,2021,0.0526344460216049,0.1052688920432099,0.0,5.0,2,22,6,0,Q3
SILA,2022,0.0632387714650146,0.0,0.1264775429300293,1.0,1,2,63,0,Q3
SILA,2023,0.0242929426969263,0.0,0.0485858853938527,1.0,2,16,82,1,Q2
SITC,2020,0.105550318240697,0.040622880756253,0.1704777557251409,3.5,6,60,51,0,Q4 (High)
SITC,2021,0.0,0.0,0.0,3.8333333333333335,6,26,31,0,Q1 (Low)
SITC,2022,0.0,0.0,0.0,3.0,6,39,27,0,Q1 (Low)
SITC,2023,0.2376644235162901,0.4753288470325802,0.0,3.0,2,10,9,1,Q4 (High)
SITC,2024,0.0,0.0,0.0,3.0,4,25,41,1,Q1 (Low)
SITC,2025,0.0,0.0,0.0,5.0,1,8,8,1,Q1 (Low)
SKT,2014,0.0609451480250162,0.1218902960500325,0.0,3.5,2,19,15,0,Q3
SKT,2015,0.0,0.0,0.0,1.0,1,10,25,0,Q1 (Low)
SKT,2016,0.0964964843729424,0.1929929687458849,0.0,4.0,3,12,16,0,Q4 (High)
SKT,2017,0.0486214115333068,0.0536616516097088,0.0435811714569048,4.25,8,134,102,0,Q3
SKT,2018,0.0952282762813304,0.0699013010342029,0.1205552515284579,3.25,8,68,118,0,Q4 (High)
SKT,2019,0.1916886623957309,0.1218902960500325,0.2614870287414293,4.333333333333333,2,38,17,0,Q4 (High)
SKT,2020,0.1727806755909666,0.1938082778470085,0.1517530733349246,4.285714285714286,7,54,28,0,Q4 (High)
SKT,2021,0.0814951556945445,0.1629903113890891,0.0,4.222222222222222,8,68,68,0,Q4 (High)
SKT,2022,0.0470802076508057,0.0551408482131099,0.0390195670885014,3.583333333333333,12,84,211,0,Q3
SKT,2023,0.0898276995924945,0.1122095888139114,0.0674458103710776,3.769230769230769,13,63,63,1,Q4 (High)
SKT,2024,0.015236287006254,0.0304725740125081,0.0,3.636363636363636,11,76,54,1,Q2
SKT,2025,0.1925887290420597,0.1006919836935051,0.2844854743906143,4.0,3,23,18,1,Q4 (High)
SLG,2015,0.0253893004726581,0.0507786009453163,0.0,3.0,4,96,56,0,Q2
SLG,2016,0.1015662156876691,0.1198170185640071,0.0833154128113311,3.8,5,59,51,0,Q4 (High)
SLG,2017,0.1205191175973751,0.2410382351947502,0.0,2.857142857142857,7,90,199,0,Q4 (High)
SLG,2018,0.0,0.0,0.0,2.833333333333333,6,40,101,0,Q1 (Low)
SLG,2019,0.0361861816398534,0.0723723632797068,0.0,4.25,4,64,31,0,Q2
SLG,2020,0.0608202587754794,0.1216405175509588,0.0,4.0,5,33,48,0,Q3
SLG,2021,0.0313047851310161,0.0,0.0626095702620323,3.727272727272727,11,76,71,0,Q2
SLG,2022,0.0143374873257363,0.0286749746514727,0.0,4.0,10,85,90,0,Q1 (Low)
SLG,2023,0.0,0.0,0.0,3.333333333333333,4,29,32,1,Q1 (Low)
SLG,2024,0.0810193392165063,0.0564857469500151,0.1055529314829976,3.375,7,41,78,1,Q4 (High)
SLG,2025,0.0370176670686103,0.0601536525961199,0.0138816815411007,3.1818181818181817,11,77,287,1,Q2
SMA,2014,0.044631280104544,0.0,0.089262560209088,2.0,3,14,102,0,Q3
SMA,2015,0.0,0.0,0.0,4.0,5,60,78,0,Q1 (Low)
SMA,2016,0.132783939168059,0.0,0.2655678783361181,3.333333333333333,3,19,16,0,Q4 (High)
SMA,2017,0.0890736778827161,0.1781473557654322,0.0,2.333333333333333,2,13,24,0,Q4 (High)
SMA,2018,0.0234355447193877,0.0,0.0468710894387755,2.5,6,35,85,0,Q2
SMA,2019,0.0362185691117811,0.0,0.0724371382235622,3.0,3,19,55,0,Q2
SMA,2020,0.0223822618106512,0.0,0.0447645236213025,2.0,4,21,89,0,Q2
SMA,2021,0.0,0.0,0.0,4.142857142857143,7,62,52,0,Q1 (Low)
SMA,2022,0.0186363423393767,0.0,0.0372726846787534,3.6,10,93,114,0,Q2
SMA,2023,0.0559730515304855,0.0565867675038785,0.0553593355570925,3.0,13,84,185,1,Q3
SMA,2024,0.0304671605671897,0.0609343211343795,0.0,3.4285714285714284,6,40,40,1,Q2
SMA,2025,0.1150036083227962,0.044536838941358,0.1854703777042343,2.111111111111111,9,52,72,1,Q4 (High)
SPG,2014,0.0428269242485555,0.030391453416754,0.0552623950803569,2.642857142857143,42,397,1358,0,Q2
SPG,2015,0.030563914790367,0.0210322498686982,0.0400955797120358,2.9565217391304346,68,678,1093,0,Q2
SPG,2016,0.0502597107776015,0.0451018200056392,0.0554176015495637,2.840909090909091,84,859,1917,0,Q3
SPG,2017,0.0433032381468059,0.0360273309797583,0.0505791453138536,3.0285714285714285,68,521,931,0,Q2
SPG,2018,0.0423076823202947,0.0313883602683178,0.0532270043722716,2.789473684210526,37,299,881,0,Q2
SPG,2019,0.0564801359611938,0.058222903105823,0.0547373688165646,2.7857142857142856,42,272,820,0,Q3
SPG,2020,0.0375119475046928,0.0238865111518492,0.0511373838575363,3.360655737704918,59,464,756,0,Q2
SPG,2021,0.0704889885646301,0.0993304861828489,0.0416474909464113,3.2755102040816326,97,600,1330,0,Q4 (High)
SPG,2022,0.0503963217232112,0.0668377023117312,0.0339549411346912,3.36046511627907,84,545,1093,0,Q3
SPG,2023,0.0467680828098587,0.0485306034540235,0.045005562165694,3.169491525423729,54,442,757,1,Q3
SPG,2024,0.076203291997976,0.125384217035366,0.027022366960586,3.3285714285714287,67,512,758,1,Q4 (High)
SPG,2025,0.0924897501325054,0.1246148757588317,0.0603646245061791,3.303030303030303,32,217,494,1,Q4 (High)
STAG,2014,0.0569148943185131,0.0,0.1138297886370263,2.0,1,6,35,0,Q3
STAG,2016,0.1286619791639232,0.2573239583278465,0.0,3.5,2,18,15,0,Q4 (High)
STAG,2017,0.0,0.0,0.0,4.0,1,11,11,0,Q1 (Low)
STAG,2021,0.0100691983693505,0.020138396738701,0.0,4.8,5,115,51,0,Q1 (Low)
STAG,2022,0.0489712018318555,0.097942403663711,0.0,4.875,8,168,44,0,Q3
STAG,2023,0.0,0.0,0.0,5.0,1,10,4,1,Q1 (Low)
STAG,2024,0.0964964843729424,0.1929929687458849,0.0,4.5,2,12,8,1,Q4 (High)
STWD,2014,0.0,0.0,0.0,3.5,2,66,37,0,Q1 (Low)
STWD,2015,0.0,0.0,0.0,4.0,2,22,12,0,Q1 (Low)
STWD,2016,0.0,0.0,0.0,3.142857142857143,7,55,58,0,Q1 (Low)
STWD,2017,0.1286619791639232,0.2573239583278465,0.0,4.5,2,9,7,0,Q4 (High)
STWD,2018,0.0413556361598324,0.0827112723196649,0.0,3.75,4,28,23,0,Q2
STWD,2019,0.0,0.0,0.0,4.0,1,4,4,0,Q1 (Low)
STWD,2020,0.0,0.0,0.0,3.75,4,36,32,0,Q1 (Low)
STWD,2021,0.0528143163369533,0.1056286326739067,0.0,4.0,6,45,24,0,Q3
STWD,2022,0.0526344460216049,0.1052688920432099,0.0,4.0,4,22,21,0,Q3
STWD,2023,0.0964964843729424,0.1929929687458849,0.0,4.5,2,12,13,1,Q4 (High)
STWD,2024,0.0358437183143409,0.0716874366286818,0.0,3.0,4,34,78,1,Q2
STWD,2025,0.1052688920432099,0.2105377840864199,0.0,4.0,2,11,11,1,Q4 (High)
SUI,2014,0.0477648925356515,0.095529785071303,0.0,3.0,7,74,129,0,Q3
SUI,2015,0.0410250361800872,0.0149413911287136,0.0671086812314607,3.5,16,155,186,0,Q2
SUI,2016,0.0427340613914402,0.0225133888384599,0.0629547339444206,3.619047619047619,21,314,272,0,Q2
SUI,2017,0.0529985809739255,0.0673352275871872,0.0386619343606637,3.795918367346939,49,644,632,0,Q3
SUI,2018,0.0479219659636924,0.0447616662093411,0.0510822657180438,3.8846153846153846,24,324,321,0,Q3
SUI,2019,0.04487151968938,0.0477214934430819,0.0420215459356781,4.136363636363637,44,743,496,0,Q3
SUI,2020,0.1046558055902014,0.0918388106230015,0.1174728005574013,4.0,27,333,208,0,Q4 (High)
SUI,2021,0.0475788816062557,0.0593683013994589,0.0357894618130524,3.511627906976744,42,355,564,0,Q3
SUI,2022,0.0552236380291805,0.1010287356274013,0.0094185404309596,3.5,33,311,423,0,Q3
SUI,2023,0.0606228956156331,0.0781574564965171,0.043088334734749,3.902439024390244,39,449,376,1,Q3
SUI,2024,0.0688402965017151,0.0891586984063248,0.0485218945971055,2.730769230769231,26,190,527,1,Q4 (High)
SUI,2025,0.0605041140136797,0.0609369250701023,0.0600713029572571,3.375,32,316,492,1,Q3
TRTX,2014,0.0,0.0,0.0,3.0,4,42,36,0,Q1 (Low)
TRTX,2015,0.0372425387129086,0.0399390061880023,0.034546071237815,3.5,13,177,367,0,Q2
TRTX,2016,0.0421614007335294,0.0272332161494433,0.0570895853176155,3.7058823529411766,16,179,214,0,Q2
TRTX,2017,0.0445528357987786,0.0579803387671203,0.0311253328304369,2.95,20,206,256,0,Q3
TRTX,2018,0.1033851687244863,0.0503459918467525,0.15642434560222,4.285714285714286,14,138,84,0,Q4 (High)
TRTX,2019,0.0357665932587393,0.0482594719174562,0.0232737146000225,3.5,18,149,191,0,Q2
TRTX,2020,0.046879216634061,0.040989657078772,0.0527687761893499,3.4444444444444446,18,113,151,0,Q3
TRTX,2021,0.0555204821463441,0.0588174163640376,0.0522235479286505,4.114285714285714,33,348,553,0,Q3
TRTX,2022,0.0422980077394175,0.0845960154788351,0.0,4.304347826086956,19,170,212,0,Q2
TRTX,2023,0.0460122288975262,0.0493603453519058,0.0426641124431465,3.9655172413793114,27,227,313,1,Q3
TRTX,2024,0.0219873757127044,0.0272460661758896,0.0167286852495192,3.789473684210526,34,255,254,1,Q2
TRTX,2025,0.0053262601634972,0.0,0.0106525203269944,3.272727272727273,22,130,374,1,Q1 (Low)
UDR,2014,0.045202738287916,0.0561770415289139,0.034228435046918,2.28125,30,384,838,0,Q3
UDR,2015,0.0445029004840517,0.0447131863310385,0.0442926146370649,3.128205128205128,39,515,597,0,Q3
UDR,2016,0.057545704105066,0.0323863727299007,0.0827050354802313,3.72093023255814,42,568,647,0,Q3
UDR,2017,0.0362653519005452,0.0276828215691198,0.0448478822319707,4.178571428571429,56,2029,989,0,Q2
UDR,2018,0.0459009676864946,0.0814805814810309,0.0103213538919583,2.814814814814815,27,353,386,0,Q3
UDR,2019,0.0450360650445121,0.0331366880907879,0.0569354419982363,3.809523809523809,20,217,288,0,Q3
UDR,2020,0.0372202392805129,0.0205770063650467,0.053863472195979,3.575757575757576,33,231,243,0,Q2
UDR,2021,0.0555308133535935,0.068824768959017,0.0422368577481701,3.533333333333333,56,478,989,0,Q3
UDR,2022,0.0501929222981548,0.0582524201926283,0.0421334244036814,3.526315789473684,72,780,991,0,Q3
UDR,2023,0.0516442442941771,0.0785667515756331,0.0247217370127211,3.232558139534884,40,363,674,1,Q3
UDR,2024,0.0658086808897459,0.060630185962067,0.0709871758174247,3.306122448979592,48,398,465,1,Q4 (High)
UDR,2025,0.0695343539701228,0.1238284146693199,0.0152402932709257,3.466666666666667,29,250,336,1,Q4 (High)
UE,2016,0.0,0.0,0.0,1.0,0,3,29,0,Q1 (Low)
UE,2017,0.0,0.0,0.0,3.5,2,22,57,0,Q1 (Low)
UE,2019,0.0,0.0,0.0,4.0,1,82,20,0,Q1 (Low)
UE,2020,0.0,0.0,0.0,4.0,1,3,4,0,Q1 (Low)
UE,2022,0.0,0.0,0.0,4.25,3,19,29,0,Q1 (Low)
UE,2023,0.093745109437507,0.1874902188750141,0.0,4.0,2,13,16,1,Q4 (High)
UMH,2015,0.0,0.0,0.0,2.0,1,5,6,0,Q1 (Low)
UMH,2016,0.0,0.0,0.0,1.0,1,11,12,0,Q1 (Low)
UMH,2017,0.0482482421864712,0.0964964843729424,0.0,3.6666666666666665,3,24,18,0,Q3
UMH,2018,0.0,0.0,0.0,2.5,2,6,23,0,Q1 (Low)
UMH,2020,0.0275704241065549,0.0551408482131099,0.0,4.0,6,42,56,0,Q2
UMH,2021,0.0276974186974452,0.0553948373948905,0.0,3.6666666666666665,6,44,46,0,Q2
UMH,2022,0.0,0.0,0.0,3.8,4,24,20,0,Q1 (Low)
UMH,2023,0.0492378705676063,0.0,0.0984757411352126,3.4,4,22,52,1,Q3
UMH,2024,0.0474290785987609,0.0,0.0948581571975219,3.0,2,14,42,1,Q3
VICI,2019,0.0,0.0,0.0,4.0,1,11,14,0,Q1 (Low)
VICI,2021,0.0,0.0,0.0,5.0,1,4,5,0,Q1 (Low)
VNO,2014,0.0329027629441118,0.0658055258882236,0.0,3.0,5,61,105,0,Q2
VNO,2015,0.0233930871207133,0.0467861742414266,0.0,3.1818181818181817,9,99,111,0,Q2
VNO,2016,0.0402428545686456,0.0,0.0804857091372913,3.25,8,59,99,0,Q2
VNO,2017,0.0321741424536108,0.0249023185478561,0.0394459663593655,4.2727272727272725,11,93,101,0,Q2
VNO,2018,0.1076381672901322,0.2152763345802644,0.0,4.7,10,73,57,0,Q4 (High)
VNO,2019,0.0804832595837343,0.1263226704518519,0.0346438487156167,3.375,8,55,115,0,Q4 (High)
VNO,2020,0.0432117133665981,0.0864234267331963,0.0,4.4,5,55,44,0,Q2
VNO,2021,0.0724149558308467,0.0572685357870578,0.0875613758746356,3.8333333333333335,12,83,91,0,Q4 (High)
VNO,2022,0.0811545218478494,0.1623090436956989,0.0,3.571428571428572,6,39,44,0,Q4 (High)
VNO,2023,0.0233004336780676,0.0466008673561353,0.0,4.555555555555555,9,102,55,1,Q2
VNO,2024,0.0,0.0,0.0,3.5,6,33,26,1,Q1 (Low)
VNO,2025,0.0796263319068452,0.1592526638136905,0.0,3.6666666666666665,6,75,84,1,Q4 (High)
VRE,2022,0.0,0.0,0.0,3.0,2,30,54,0,Q1 (Low)
VRE,2023,0.1029581823782878,0.0974949138150073,0.1084214509415682,2.5,4,25,41,1,Q4 (High)
VRE,2024,0.0939028023471839,0.0532641578940813,0.1345414468002865,3.857142857142857,7,135,152,1,Q4 (High)
VRE,2025,0.1634263866683804,0.0,0.3268527733367608,4.0,1,12,13,1,Q4 (High)
VTR,2014,0.0,0.0,0.0,5.0,1,11,4,0,Q1 (Low)
VTR,2015,0.0289834662824744,0.0579669325649488,0.0,4.0,4,82,80,0,Q2
VTR,2016,0.0543701051652337,0.0443158699159124,0.064424340414555,4.0,3,55,69,0,Q3
VTR,2017,0.0,0.0,0.0,5.0,1,9,5,0,Q1 (Low)
VTR,2018,0.0383081019451531,0.0,0.0766162038903062,3.0,2,39,52,0,Q2
VTR,2019,0.0120728563705937,0.0,0.0241457127411874,3.5,6,68,165,0,Q1 (Low)
VTR,2020,0.1048432263762084,0.0,0.2096864527524169,3.6666666666666665,2,18,19,0,Q4 (High)
VTR,2021,0.0786769502994734,0.1573539005989469,0.0,4.0,6,41,41,0,Q4 (High)
VTR,2022,0.0084051531694006,0.0,0.0168103063388013,2.9166666666666665,12,82,237,0,Q1 (Low)
VTR,2023,0.0194546605583909,0.0,0.0389093211167819,3.333333333333333,6,110,234,1,Q2
VTR,2024,0.0270819205041687,0.0541638410083374,0.0,4.0,7,45,38,1,Q2
VTR,2025,0.0326848241622772,0.0653696483245544,0.0,4.166666666666667,6,110,55,1,Q2
WELL,2014,0.0,0.0,0.0,4.0,1,4,6,0,Q1 (Low)
WELL,2015,0.0603642818529685,0.0,0.120728563705937,4.0,2,38,33,0,Q3
WELL,2016,0.0465102791772748,0.0281259672800343,0.0648945910745153,3.636363636363636,11,169,137,0,Q3
WELL,2017,0.0501177307770759,0.0636320169450452,0.0366034446091066,1.8571428571428568,21,291,1219,0,Q3
WELL,2018,0.005174081301683,0.0,0.010348162603366,2.4444444444444446,9,126,385,0,Q1 (Low)
WELL,2019,0.0364982671838399,0.0252834493102436,0.0477130850574362,2.625,8,188,334,0,Q2
WELL,2020,0.1023906759256174,0.0401413707918164,0.1646399810594184,4.5,4,100,27,0,Q4 (High)
WELL,2021,0.1000418789082327,0.1508980466770096,0.0491857111394558,3.7777777777777777,9,63,81,0,Q4 (High)
WELL,2022,0.0646627860081243,0.0562636767054739,0.0730618953107747,4.727272727272728,11,383,119,0,Q4 (High)
WELL,2023,0.075593362316218,0.0522386983071568,0.0989480263252791,3.882352941176471,17,133,216,1,Q4 (High)
WELL,2024,0.0621992711395183,0.0617577499986831,0.0626407922803535,3.333333333333333,12,75,266,1,Q3
WELL,2025,0.0844756394829498,0.0618334392528571,0.1071178397130424,3.9375,16,272,204,1,Q4 (High)
WPC,2014,0.0413556361598324,0.0827112723196649,0.0,4.0,3,28,34,0,Q2
WPC,2015,0.0203150493416721,0.0406300986833442,0.0,2.333333333333333,3,57,66,0,Q2
WPC,2016,0.0672186508469849,0.0736375426591293,0.0607997590348404,3.111111111111111,9,96,143,0,Q4 (High)
WPC,2017,0.0350870350905918,0.0252834493102436,0.0448906208709399,2.9285714285714284,14,188,355,0,Q2
WPC,2018,0.0130107619379248,0.0260215238758496,0.0,3.75,4,89,103,0,Q1 (Low)
WPC,2019,0.0,0.0,0.0,5.0,2,19,13,0,Q1 (Low)
WPC,2020,0.0312483698125023,0.0624967396250046,0.0,2.8,4,39,28,0,Q2
WPC,2021,0.0199647898702639,0.0399295797405279,0.0,4.0,9,58,45,0,Q2
WPC,2022,0.0334738624670831,0.0669477249341662,0.0,4.6,10,71,35,0,Q2
WPC,2023,0.0627208918622131,0.1254417837244262,0.0,4.75,4,32,17,1,Q3
WPC,2024,0.0,0.0,0.0,2.6666666666666665,3,21,12,1,Q1 (Low)
WPC,2025,0.0,0.0,0.0,5.0,1,6,3,1,Q1 (Low)
WSR,2014,0.0518181226021694,0.0,0.1036362452043388,1.0,2,11,41,0,Q3
WSR,2015,0.0,0.0,0.0,2.25,4,18,32,0,Q1 (Low)
WSR,2016,0.0500876674441981,0.0688049206970897,0.0313704141913064,1.4285714285714286,7,92,127,0,Q3
WSR,2017,0.0,0.0,0.0,1.6666666666666667,3,26,48,0,Q1 (Low)
WSR,2018,0.0,0.0,0.0,1.0,2,15,64,0,Q1 (Low)
WSR,2019,0.0380839507089872,0.0761679014179744,0.0,3.5,2,32,36,0,Q2
WSR,2020,0.1052821473807037,0.0487474569075036,0.1618168378539038,2.6666666666666665,6,100,151,0,Q4 (High)
WSR,2021,0.0574228355097441,0.1148456710194883,0.0,4.25,8,104,35,0,Q3
WSR,2022,0.0738597831931873,0.1477195663863747,0.0,2.75,4,33,38,0,Q4 (High)
WSR,2023,0.029469923425004,0.058939846850008,0.0,4.2,4,122,49,1,Q2
WSR,2024,0.1929929687458849,0.3859859374917698,0.0,5.0,1,6,6,1,Q4 (High)
WSR,2025,0.0,0.0,0.0,1.0,2,6,171,1,Q1 (Low)
WY,2014,0.0307013600551512,0.0302764686976883,0.0311262514126141,2.952380952380953,42,475,1041,0,Q2
WY,2015,0.0579287805938245,0.0393724375646822,0.0764851236229668,3.5660377358490565,53,563,632,0,Q3
WY,2016,0.0411488731253787,0.0147564775475267,0.0675412687032306,3.467741935483871,61,636,882,0,Q2
WY,2017,0.0202339622724695,0.0239416319393546,0.0165262926055844,3.0,36,392,792,0,Q2
WY,2018,0.0354005058563933,0.043129079908087,0.0276719318046995,3.634146341463415,41,325,473,0,Q2
WY,2019,0.0656220481189854,0.0783509088515242,0.0528931873864467,3.4782608695652173,23,182,241,0,Q4 (High)
WY,2020,0.0471795053550562,0.0398131659534226,0.0545458447566898,3.3076923076923075,38,300,521,0,Q3
WY,2021,0.0362564417494711,0.0374851836665269,0.0350276998324152,3.689655172413793,84,569,597,0,Q2
WY,2022,0.073699155156568,0.039498276863433,0.1079000334497031,3.923076923076923,75,540,459,0,Q4 (High)
WY,2023,0.046873472386922,0.0555123708554571,0.0382345739183869,3.3617021276595747,46,327,521,1,Q3
WY,2024,0.0693919389354777,0.0695402901549068,0.0692435877160486,3.686274509803922,49,324,423,1,Q4 (High)
WY,2025,0.0250019398399079,0.0190610339502108,0.0309428457296049,3.4473684210526314,36,243,423,1,Q2
XHR,2016,0.0,0.0,0.0,1.0,1,7,20,0,Q1 (Low)
XHR,2017,0.2315915624950619,0.4631831249901239,0.0,3.0,1,5,2,0,Q4 (High)
XHR,2019,0.2490026626434952,0.0,0.4980053252869904,4.0,1,6,8,0,Q4 (High)
XHR,2020,0.0,0.0,0.0,5.0,1,4,3,0,Q1 (Low)
XHR,2021,0.2894894531188274,0.5789789062376548,0.0,3.0,0,4,4,0,Q4 (High)
XHR,2022,0.7081810088963151,0.0,1.4163620177926302,4.0,0,5,3,0,Q4 (High)
XHR,2024,0.0,0.0,0.0,4.0,1,7,8,1,Q1 (Low)
XHR,2025,0.0,0.0,0.0,3.0,1,5,12,1,Q1 (Low)
