ticker,year,mnir_score_pros,mnir_score_cons,genai_productivity_index
AAT,2014,-0.10288348543656572,0.00965310775675891,-0.046615188839903406
AAT,2015,-0.05026396848422867,0.043615236738212826,-0.003324365873007922
AAT,2016,-0.18509339987753295,-0.13137761394112668,-0.1582355069093298
AAT,2017,0.012829614376286047,-0.1052124386990699,-0.04619141216139193
AAT,2018,0.008533807284610291,-0.02670862012255124,-0.009087406418970474
AAT,2019,-0.04726803791252554,-0.1556703872276112,-0.10146921257006837
AAT,2020,-0.13550781769813008,-0.03728393967600111,-0.0863958786870656
AAT,2021,-0.055873196023091556,-0.04559331424250877,-0.050733255132800165
AAT,2022,-0.06401346718233777,-0.01930883093046909,-0.04166114905640343
AAT,2023,-0.11583935205205019,-0.09001385955724052,-0.10292660580464535
AAT,2024,-0.05176014720536834,-0.022024034011293443,-0.03689209060833089
AAT,2025,-0.09557442077185492,0.01543321079435843,-0.040070604988748246
ABR,2016,-0.03426768046690272,-0.12961563288296407,-0.08194165667493339
ABR,2017,-0.020974006958368666,0.01829770024027195,-0.001338153359048357
ABR,2018,0.028137102023858607,-0.03843167235191877,-0.005147285164030083
ABR,2019,-0.03547050148912419,-0.020812778301617332,-0.02814163989537076
ABR,2020,-0.024755322938406262,-0.038375605425380654,-0.03156546418189346
ABR,2021,0.003947032561580924,-0.015889493785593598,-0.005971230612006337
ABR,2022,0.0014354630466543094,0.011827549203599137,0.006631506125126724
ABR,2023,-0.023237055347169983,-0.017864738796294626,-0.020550897071732306
ABR,2024,-0.017669724591882364,4.42801039133862e-05,-0.008812722243984489
ABR,2025,-0.03228149668829054,-0.00712925302658055,-0.019705374857435547
ADC,2018,0.1386049126840916,0.05915954472013986,0.09888222870211574
ADC,2019,0.044864349196939074,-0.008014242605586464,0.018425053295676307
ADC,2021,-0.009580321897419919,-0.014771348745750694,-0.012175835321585306
ADC,2022,0.08398046250516131,0.005081695273041295,0.0445310788891013
ADC,2023,-0.04210635285223102,0.008117711260669042,-0.01699432079578099
ADC,2024,-0.02841860850662094,-0.18803476112655682,-0.10822668481658888
ADC,2025,0.024445681512058788,-0.10298783786141814,-0.039271078174679674
AHH,2016,-0.017596405669982336,-0.02277566334122111,-0.020186034505601722
AHH,2017,-0.17257989884282418,0.015304932969154113,-0.07863748293683503
AHH,2018,0.0,0.007404920592801058,0.003702460296400529
AHH,2019,-0.4117162500138723,-0.2724685178760636,-0.34209238394496794
AHH,2020,0.0673084198426101,-0.08537670448282547,-0.009034142320107685
AHH,2021,-0.04818151676865691,-0.09813791415758105,-0.07315971546311897
AHH,2022,-0.022117225770470084,0.05218726391547014,0.015035019072500029
AHH,2023,-0.021902725658944047,-0.02898324221230905,-0.02544298393562655
AHH,2024,-0.0038105722426808562,0.03129134665534867,0.013740387206333906
AHR,2022,0.011414283252530313,-0.08798041117840011,-0.0382830639629349
AHR,2023,0.047803486492865865,0.0,0.023901743246432933
AHR,2024,0.14322212930739783,0.10633198706446599,0.1247770581859319
AHR,2025,-0.14202648970638757,0.0034891232140392527,-0.06926868324617416
AHT,2015,-0.08542247095726369,-0.017220217090931928,-0.051321344024097805
AHT,2016,0.03758807499633436,0.017890135227340714,0.02773910511183754
AHT,2017,-0.07345935035468837,-0.02674851050243559,-0.05010393042856198
AHT,2020,0.05645785105185172,0.0,0.02822892552592586
AHT,2021,-0.00123633270701054,-0.01596588533916845,-0.008601109023089495
AHT,2022,-0.06675472089601181,-0.05460907316906107,-0.060681897032536444
AHT,2023,-0.02841860850662094,-0.3382096663693396,-0.18331413743798025
AHT,2024,-0.04601387159684365,-0.04767857934274551,-0.04684622546979458
AHT,2025,-0.08825373482750692,-0.05793328556115642,-0.07309351019433168
ALEX,2014,0.013696188576139356,-0.005013752541914204,0.004341218017112576
ALEX,2015,0.06635670710865427,0.10971049757967764,0.08803360234416596
ALEX,2020,-0.07785020683894382,-0.05494457837109319,-0.06639739260501851
ALEX,2021,-0.05843998603375816,-0.049527253084306,-0.05398361955903208
ALEX,2023,-0.2976456179366376,-0.3368590265066061,-0.3172523222216218
ALX,2020,-0.4862802292688151,0.0,-0.24314011463440754
ALX,2021,-0.11190393698591919,0.011465449461322776,-0.05021924376229821
ALX,2024,-0.07510355459191562,-0.21361837180901108,-0.14436096320046335
AMH,2014,-0.055804566616290255,-0.06265738543153535,-0.0592309760239128
AMH,2015,-0.05306948968550794,-0.08055880562149512,-0.06681414765350152
AMH,2016,-0.07158704555221364,-0.07811230061991599,-0.07484967308606481
AMH,2017,-0.07823146966833476,-0.07155780918811226,-0.07489463942822351
AMH,2018,-0.0855272026229631,-0.07069071059400596,-0.07810895660848452
AMH,2019,-0.08282172059167071,-0.08368930128465968,-0.08325551093816519
AMH,2020,-0.0894111237613929,-0.060961084225972455,-0.07518610399368268
AMH,2021,-0.07640627974730071,-0.06198690160747922,-0.06919659067738997
AMH,2022,-0.08520623316261158,-0.0787960114666852,-0.0820011223146484
AMH,2023,-0.05561452616975757,-0.06070772087769953,-0.05816112352372855
AMH,2024,-0.049488670924395864,-0.06321357244833692,-0.05635112168636639
AMH,2025,-0.07732645334815542,-0.0951316915203803,-0.08622907243426786
AMT,2014,0.0034385211346850903,0.011652601949332275,0.007545561542008682
AMT,2015,-0.04081368892365238,-0.014817202724017275,-0.027815445823834828
AMT,2016,-0.0054692201042144915,-0.015452494024306419,-0.010460857064260455
AMT,2017,-0.00037854773466353326,0.00905382883111784,0.004337640548227153
AMT,2018,-0.006645798631698653,0.012312343052673595,0.0028332722104874707
AMT,2019,-0.013286592184999682,-0.00011149423303221826,-0.00669904320901595
AMT,2020,-0.020390379891969186,-0.023059373884135308,-0.021724876888052247
AMT,2021,-0.019177422948625192,0.008897343427737268,-0.005140039760443962
AMT,2022,-0.00812763110919366,-0.002429324197280478,-0.00527847765323707
AMT,2023,-0.008524020918606984,-0.0006918417717785225,-0.004607931345192754
AMT,2024,-0.0017228919462583332,-0.003873762206204185,-0.002798327076231259
AMT,2025,-0.009653037309159927,0.008009091046578105,-0.0008219731312909106
AOMR,2020,-0.057669352300677455,-0.05123097138774358,-0.05445016184421052
AOMR,2021,-0.000589603163520469,0.0009507975432199185,0.0001805971898497247
AOMR,2022,-0.06423093652853443,-0.03509308308465311,-0.04966200980659377
AOMR,2023,-0.08668119317771461,-0.018730199238530316,-0.05270569620812246
AOMR,2024,-0.04264615247966287,-0.019918155941753526,-0.0312821542107082
AOMR,2025,0.0,0.0,0.0
APLE,2015,-0.05835615275692321,0.04261169351444729,-0.007872229621237962
APLE,2016,0.1411446276296293,0.0,0.07057231381481464
APLE,2017,0.028233866307730084,-0.06438044789985223,-0.01807329079606107
APLE,2020,0.0675226487784484,-0.05978333055269546,0.003869659112876466
APLE,2021,-0.039810667747517355,-0.13572537020786396,-0.08776801897769065
APLE,2022,0.17448119405169968,0.11304934111788749,0.14376526758479358
APLE,2023,-0.10274458605201814,-0.04214078025338762,-0.07244268315270289
APLE,2024,-0.2530855544990128,0.0,-0.1265427772495064
ARE,2014,-0.1064327743467999,-0.03323011988327855,-0.06983144711503922
ARE,2015,-0.0731118085486546,0.058807480088250715,-0.00715216423020194
ARE,2016,-0.06830390885949841,-0.016097648348000548,-0.04220077860374948
ARE,2017,-0.046350612549431236,0.023914364965389377,-0.01121812379202093
ARE,2018,-0.07023572269623556,-0.0054498909602168815,-0.037842806828226216
ARE,2019,-0.05656163082018314,-0.03742962520696159,-0.04699562801357236
ARE,2020,-0.03540278424188854,0.04091397640778262,0.0027555960829470406
ARE,2021,-0.09222873367413031,-0.06973655519039247,-0.08098264443226139
ARE,2022,-0.05045557447171717,-0.038418304723891045,-0.044436939597804107
ARE,2023,-0.04512369706540519,0.04818979753902253,0.0015330502368086675
ARE,2024,-0.1237692592639884,-0.05351672924799799,-0.08864299425599319
ARE,2025,-0.22002960565201163,0.0,-0.11001480282600581
BDN,2014,0.06858320840661507,0.03605370247499435,0.05231845544080471
BDN,2015,-0.0811557713874593,-0.05360766138588093,-0.06738171638667012
BDN,2016,-0.02201897738414723,0.022056281653707755,1.865213478026255e-05
BDN,2017,-0.021847883853934505,0.02724422523058941,0.002698170688327452
BDN,2018,0.0010060432974033934,-0.004614037675582439,-0.0018039971890895226
BDN,2019,-0.07648240373263636,0.0528230767222148,-0.01182966350521078
BDN,2020,-0.07956548319242808,-0.001921045907189163,-0.040743264549808623
BDN,2021,-0.03969265568502066,-0.055169957732977504,-0.04743130670899908
BDN,2022,-0.1036237783577532,-0.017696102653477454,-0.06065994050561533
BDN,2023,-0.022091208172015403,-0.010697116017697501,-0.016394162094856453
BDN,2024,0.03642575477742266,0.013337074673436406,0.024881414725429533
BDN,2025,0.017990958300218497,-0.026509292770215846,-0.0042591672349986745
BFS,2016,-0.07447491367885482,-0.006469651044019413,-0.040472282361437115
BFS,2022,0.007918234098883432,-0.046478565917541126,-0.019280165909328847
BFS,2025,0.0,0.0,0.0
BNL,2019,-0.17318835061304122,0.04144114782565766,-0.06587360139369178
BNL,2022,0.018383168484387244,-0.03970798285435547,-0.010662407184984114
BNL,2024,-0.0743984008577504,0.09251350147934324,0.00905755031079642
BNL,2025,-0.010004378779306156,-0.21643816465788027,-0.11322127171859321
BRG,2021,-0.021690839122783554,-0.020193149779666415,-0.020941994451224986
BRG,2022,-0.06315380130343388,-0.13088860894278903,-0.09702120512311146
BRSP,2025,0.03438507475419756,-0.2134371156088486,-0.08952602042732552
BRX,2014,-0.04402727448386339,-0.03435600217757467,-0.03919163833071903
BRX,2015,-0.10838694107563888,0.009271785705588335,-0.04955757768502528
BRX,2016,-0.0448668190554633,0.014347514793366982,-0.01525965213104816
BRX,2017,-0.08603677327431342,-0.04990647096707392,-0.06797162212069367
BRX,2018,-0.09222933386797817,-0.030946074396346782,-0.061587704132162475
BRX,2019,-0.11954474797690742,0.021270032884333854,-0.049137357546286786
BRX,2020,-0.06374006113797907,-0.067030323267132,-0.06538519220255554
BRX,2021,-0.029949291915280566,-0.009137533332746011,-0.01954341262401329
BRX,2022,-0.030248364994597328,-0.041881021392173416,-0.03606469319338537
BRX,2023,-0.03887301622204379,-0.09237103002829776,-0.06562202312517078
BRX,2024,-0.04520004588378207,-0.02070437246064714,-0.03295220917221461
BRX,2025,-0.053451867246144966,0.012244162614170008,-0.020603852315987478
BXP,2014,-0.05542308132098433,-0.037511266853916675,-0.046467174087450505
BXP,2015,-0.003239281758312473,-0.03283322071542983,-0.01803625123687115
BXP,2016,0.04168982857726105,0.026732035912674416,0.03421093224496773
BXP,2017,-0.02863742966976203,-0.04776722049166828,-0.03820232508071515
BXP,2018,-0.005860543283904847,-0.012928269612524837,-0.009394406448214841
BXP,2019,0.006468670402750868,-0.03629835226747521,-0.014914840932362169
BXP,2020,0.0006309379243507225,-0.03599027532474681,-0.01767966870019804
BXP,2021,-0.029509292087317004,-0.008203956212612613,-0.018856624149964807
BXP,2022,-0.01731921128913662,0.005443397297449862,-0.005937906995843378
BXP,2023,0.013078239473516022,-0.02898594657655567,-0.007953853551519823
BXP,2024,-0.05083602313360709,-0.03542705524275965,-0.04313153918818337
BXP,2025,0.01889136672725304,-0.023683959046608655,-0.0023962961596778083
CBL,2014,-0.03802548058184221,-0.06770199294510594,-0.05286373676347407
CBL,2015,-0.028665547850536037,-0.02324697956474062,-0.02595626370763833
CBL,2016,-0.0004057997770355046,-0.08475462594569297,-0.042580212861364236
CBL,2017,-0.014636284507888285,-0.010764940218984019,-0.012700612363436153
CBL,2018,-0.04744084023760308,-0.08793280504073937,-0.06768682263917122
CBL,2019,-0.1565959970806159,-0.07864395758780525,-0.11761997733421056
CBL,2020,-0.05486571674102854,0.008521241196481986,-0.02317223777227328
CBL,2021,-0.07075096449580587,-0.06097562632388416,-0.06586329540984501
CBL,2022,-0.050659334499387754,-0.018332502126676344,-0.034495918313032045
CBL,2023,-0.056157623389498944,-0.02055691797986236,-0.03835727068468065
CBL,2024,-0.06840183352440554,0.00982603953554979,-0.029287896994427874
CBL,2025,-0.08840407773101074,-0.0482392971083897,-0.06832168741970021
CCI,2014,-0.17539361135831089,-0.05195650427883282,-0.11367505781857185
CCI,2015,-0.1291709339262112,-0.048511040517740814,-0.088840987221976
CCI,2016,-0.10764398606050396,-0.038481873487829006,-0.07306292977416648
CCI,2017,-0.07284370271089888,-0.04233098778592547,-0.05758734524841218
CCI,2018,-0.15330140246803875,-0.052743784612178414,-0.10302259354010858
CCI,2019,-0.12786404727194092,-0.06013570764217753,-0.09399987745705923
CCI,2020,-0.14972950481755196,-0.08498012252125813,-0.11735481366940503
CCI,2021,-0.11747723979616673,-0.049021702419926975,-0.08324947110804685
CCI,2022,-0.0770878776899795,-0.07329656356492932,-0.07519222062745441
CCI,2023,-0.0850045663863331,-0.08460933694301753,-0.0848069516646753
CCI,2024,-0.0667198882116169,-0.06381535583246614,-0.06526762202204152
CCI,2025,-0.07884306438679607,-0.06646867065369526,-0.07265586752024566
CDP,2016,-0.029411522985716487,-0.12765878292347463,-0.07853515295459555
CDP,2017,-0.15992691491835148,-0.11136570978017579,-0.13564631234926364
CDP,2018,-0.06235144074593514,-0.05365591255412279,-0.058003676650028965
CDP,2019,-0.1458129286518096,0.015252290258158085,-0.06528031919682575
CDP,2020,-0.20504988876016206,-0.14467118704525278,-0.17486053790270742
CDP,2021,-0.028533721580060963,-0.10066347198632244,-0.0645985967831917
CDP,2022,-0.005735191090986565,-0.011036252285186138,-0.008385721688086352
CDP,2023,-0.027454732729219077,-0.04367929606476875,-0.03556701439699392
CDP,2025,-0.023094707562742123,-0.030329468883460713,-0.026712088223101418
CLDT,2015,0.017743888623450874,0.11505967904263463,0.06640178383304275
CLDT,2019,-0.008936867751455583,-0.7239548492045147,-0.36644585847798516
CLDT,2021,-0.20481547467355518,-0.12929868238722325,-0.1670570785303892
COLD,2014,-0.05289449095192944,-0.03794108538435849,-0.045417788168143965
COLD,2015,-0.05373223245984154,-0.07062959372424582,-0.06218091309204368
COLD,2016,-0.05719330279166596,-0.055141555462153255,-0.05616742912690961
COLD,2017,-0.06520955721472907,-0.05787477070941979,-0.06154216396207443
COLD,2018,-0.07622641100023823,-0.029384919284965894,-0.052805665142602064
COLD,2019,-0.03705265364211088,-0.03674836053003131,-0.036900507086071094
COLD,2020,-0.06259156946174117,-0.03445904131982661,-0.048525305390783896
COLD,2021,-0.05267255500826572,-0.05018814070135268,-0.0514303478548092
COLD,2022,-0.05788999428181164,-0.032066235372762354,-0.044978114827286995
COLD,2023,-0.06000663157920802,-0.0367321777392883,-0.04836940465924816
COLD,2024,-0.033816263444744865,-0.015809308722715184,-0.024812786083730026
COLD,2025,-0.051217137017835444,-0.04932972490757598,-0.050273430962705715
CPT,2014,-0.09917720206409102,-0.11659041029411227,-0.10788380617910165
CPT,2015,-0.09532113413931552,-0.09780551346745166,-0.09656332380338359
CPT,2016,-0.1293764318184019,-0.07155627881165187,-0.10046635531502687
CPT,2017,-0.1419622411108021,-0.11316344406092854,-0.1275628425858653
CPT,2018,-0.1095639291191053,-0.06415938306242057,-0.08686165609076293
CPT,2019,-0.1421850622816122,-0.08765682295254094,-0.11492094261707658
CPT,2020,-0.1266630286182056,-0.08626546259643554,-0.10646424560732057
CPT,2021,-0.13970551847999743,-0.09148173983980763,-0.11559362915990254
CPT,2022,-0.134898265521028,-0.12530836545658267,-0.13010331548880533
CPT,2023,-0.13971945822931922,-0.0996517657511223,-0.11968561199022076
CPT,2024,-0.11971149751766652,-0.11235615360400049,-0.1160338255608335
CPT,2025,-0.10216112377297554,-0.10065464846989432,-0.10140788612143492
CSR,2014,-0.03861976917109601,-0.02702993215632325,-0.03282485066370963
CSR,2015,-0.16224528189201087,-0.05503594349145587,-0.10864061269173338
CSR,2016,-0.08708551928512813,-0.0970189871288902,-0.09205225320700916
CSR,2017,-0.1118935674474812,-0.20900331077911521,-0.1604484391132982
CSR,2018,-0.0977019027040781,-0.0761148805713313,-0.0869083916377047
CSR,2019,-0.15106380323858537,-0.1178641092882037,-0.13446395626339452
CSR,2020,-0.08032301113773635,-0.08161134162015404,-0.0809671763789452
CSR,2021,-0.1266209214532514,-0.06359133695364647,-0.09510612920344894
CSR,2022,-0.07144487331366148,-0.08406400221627189,-0.07775443776496668
CSR,2023,-0.11936089875240355,-0.13676969320457916,-0.12806529597849137
CSR,2024,-0.03460821716787413,-0.008422866347943267,-0.021515541757908697
CSR,2025,-0.0731249042810752,-0.0014248999165460035,-0.0372749020988106
CUBE,2014,-0.19525549518488622,-0.16064462095027318,-0.1779500580675797
CUBE,2015,-0.1611900090378034,-0.1324037546493762,-0.1467968818435898
CUBE,2016,-0.2051061106236782,-0.1538961569423441,-0.17950113378301114
CUBE,2017,-0.21636787320307999,-0.17574102854797163,-0.1960544508755258
CUBE,2018,-0.1482306553404399,-0.132150404855771,-0.14019053009810545
CUBE,2019,-0.18900314637531912,-0.13189916614001831,-0.1604511562576687
CUBE,2020,-0.11794975696407327,-0.11749313660251125,-0.11772144678329226
CUBE,2021,-0.20023085550510714,-0.19560042139775208,-0.19791563845142962
CUBE,2022,-0.1454118169515334,-0.1260641679735825,-0.13573799246255797
CUBE,2023,-0.18067077403932733,-0.15365695069818375,-0.16716386236875552
CUBE,2024,-0.19478564432727016,-0.18198316179281127,-0.18838440306004073
CUBE,2025,-0.21464181091704104,-0.19719751739752067,-0.20591966415728086
CUZ,2015,-0.10500785182636191,-0.04317586924738432,-0.07409186053687311
CUZ,2016,0.04527644838760875,0.07217736067715999,0.05872690453238437
CUZ,2017,-0.14777097209608636,-0.02124526831315498,-0.08450812020462067
CUZ,2018,-0.13609283144033837,-0.00962902464048804,-0.0728609280404132
CUZ,2019,-0.1150232244256638,0.041641539954804865,-0.03669084223542947
CUZ,2020,-0.07870282099743237,-0.02749709108532483,-0.0530999560413786
CUZ,2021,-0.10552692416709078,-0.03839239410595282,-0.0719596591365218
CUZ,2022,-0.005870318977513178,-0.04681220372858076,-0.02634126135304697
CUZ,2023,-0.053167306201346305,-0.016984393488315958,-0.03507584984483113
CUZ,2024,-0.05355246745943457,-0.009962842860386536,-0.03175765515991055
CUZ,2025,-0.02151287346727529,0.038168933277162254,0.008328029904943482
DEA,2022,-0.06535439360058788,0.1417845884675828,0.03821509743349746
DEA,2025,-0.12067178101598866,-0.15873314493987803,-0.13970246297793334
DLR,2024,-0.06220132450447966,-0.02943446854671806,-0.04581789652559886
DLR,2025,-0.035877802897314605,-0.020973891734488558,-0.02842584731590158
DOC,2014,-0.053666912352737406,0.08230505527147589,0.01431907145936924
DOC,2017,-0.22969200641973642,-0.06645619999824155,-0.14807410320898898
DOC,2018,-0.061679061019149745,0.009442097153824132,-0.026118481932662807
DOC,2020,-0.06515433738065601,0.0026320164450805462,-0.031261160467787735
DOC,2021,-0.028134479489076505,-0.02513515443634159,-0.02663481696270905
DOC,2022,-0.04168781490738741,0.00388083823196588,-0.018903488337710765
DOC,2023,-0.0762223808902113,0.023157963046092786,-0.026532208922059257
DOC,2024,-0.05789352098702346,-0.07137618785770297,-0.06463485442236322
DOC,2025,-0.0976376520476363,-0.05580951128204517,-0.07672358166484074
DRH,2015,0.012768908190066227,0.03744870698000298,0.025108807585034604
DRH,2016,-0.04231815382018662,-0.031822861310789284,-0.03707050756548795
DRH,2024,-0.14136780618664657,0.0,-0.07068390309332329
DRH,2025,-0.10009507871615306,0.04369015814333681,-0.028202460286408125
DX,2020,0.09941517990513216,0.07132860933282631,0.08537189461897923
DX,2022,-0.02841860850662094,-0.004480788015894584,-0.016449698261257764
EGP,2014,-0.22437903617806734,-0.026725193041328834,-0.1255521146096981
EGP,2015,-0.14499637480818076,-0.069252232316701,-0.10712430356244088
EGP,2022,0.09367666001405599,0.11230270552270939,0.10298968276838269
EGP,2023,0.0,-0.24037032858239146,-0.12018516429119573
EGP,2024,-0.08893218768037478,0.12130954909539264,0.01618868070750893
ELME,2014,-0.0588350507859097,-0.06174205783313036,-0.06028855430952003
ELME,2015,-0.07599297421755212,0.048121496284202654,-0.013935738966674733
ELME,2016,-0.04510615344969132,-0.010624768239030049,-0.027865460844360687
ELME,2018,0.0661201901023561,0.0,0.03306009505117805
ELME,2019,0.023366819929543224,-0.19292724750393292,-0.08478021378719484
ELME,2020,-0.012659702852012459,0.044935308518787215,0.01613780283338738
ELME,2021,-0.188046868531276,-0.10534554055328088,-0.14669620454227844
ELME,2022,0.011201738941468045,-0.027383936168029005,-0.00809109861328048
ELME,2023,-0.12461180427728925,0.013989011240440547,-0.05531139651842435
ELME,2024,-0.11463431799398202,-0.06916699301733457,-0.09190065550565829
ELME,2025,-0.15752480598531954,0.042249450321267944,-0.057637677832025794
ELS,2014,-0.10597736421571143,-0.11201343729308018,-0.1089954007543958
ELS,2015,-0.06597580719947874,-0.07989572258628065,-0.0729357648928797
ELS,2016,-0.0867825341879141,-0.054849286496009356,-0.07081591034196172
ELS,2017,-0.09409760570829828,-0.0795635176754863,-0.0868305616918923
ELS,2018,-0.07270917492368667,-0.054286893076234355,-0.06349803399996051
ELS,2019,-0.08039640331276732,-0.018580403754609637,-0.049488403533688476
ELS,2020,-0.0927284853660124,-0.04443702769856401,-0.06858275653228821
ELS,2021,-0.0849839898817545,-0.08717727531087004,-0.08608063259631227
ELS,2022,-0.04892688014359892,-0.036998867368591815,-0.042962873756095366
ELS,2023,-0.08745031354687882,-0.06776401801182695,-0.0776071657793529
ELS,2024,-0.07013025161876309,-0.0607966565951171,-0.0654634541069401
ELS,2025,-0.051282855601940666,-0.05917957462783366,-0.05523121511488716
EPRT,2020,0.0,-0.01087686973480867,-0.005438434867404335
EPRT,2024,0.0,-0.014872651723816459,-0.007436325861908229
EPRT,2025,-0.12465887387704239,0.0,-0.06232943693852119
EQIX,2014,-0.042794171189342374,-0.03263423405891065,-0.03771420262412652
EQIX,2015,-0.05349539958431063,-0.007352567688820746,-0.030423983636565687
EQIX,2016,-0.03357218403909825,-0.02015069216061502,-0.026861438099856635
EQIX,2017,-0.04093586462559364,-0.0015233757231250923,-0.02122962017435937
EQIX,2018,-0.026823795135639535,-0.021884247092694837,-0.024354021114167186
EQIX,2019,-0.04878953218137414,-0.00994506724874698,-0.02936729971506056
EQIX,2020,-0.08453408287985366,-0.019214966314492363,-0.05187452459717301
EQIX,2021,-0.05113527981104506,-0.020970482134183725,-0.036052880972614394
EQIX,2022,-0.03729428755754336,-0.00838327397560471,-0.022838780766574036
EQIX,2023,-0.01918061276650307,-0.007861072129775685,-0.013520842448139378
EQIX,2024,-0.019081385499909773,-0.0043609602350583535,-0.011721172867484062
EQIX,2025,-0.02135598318985534,-0.023212821228530002,-0.022284402209192672
EQR,2014,-0.10515172478183965,-0.09350568617451592,-0.09932870547817779
EQR,2015,-0.14428872797302153,-0.14348855196436588,-0.14388863996869372
EQR,2016,-0.1258113037891476,-0.10868969937446642,-0.117250501581807
EQR,2017,-0.14940902087904656,-0.13261406290527164,-0.1410115418921591
EQR,2018,-0.1733873280442974,-0.14048857496927605,-0.15693795150678674
EQR,2019,-0.15477763979535433,-0.12353545738608665,-0.1391565485907205
EQR,2020,-0.18556557540578533,-0.14261288353994978,-0.16408922947286755
EQR,2021,-0.1785958481908895,-0.10054381313362461,-0.13956983066225706
EQR,2022,-0.13928353308774458,-0.12403958629095942,-0.131661559689352
EQR,2023,-0.16055781859321888,-0.10062776095486217,-0.13059278977404054
EQR,2024,-0.10919794308146934,-0.10946593976914831,-0.10933194142530883
EQR,2025,-0.1256139154971182,-0.07881020043706097,-0.10221205796708958
ESRT,2015,-0.0269489488553732,-0.026463251983755005,-0.026706100419564102
ESRT,2016,-0.035763778645339576,-0.017053401317181083,-0.02640858998126033
ESRT,2017,-0.06081760875879641,-0.04519033130941324,-0.05300397003410483
ESRT,2018,-0.006792703608013017,-0.021381750185004912,-0.014087226896508966
ESRT,2019,-0.04493393899738322,-0.01554410512493906,-0.03023902206116114
ESRT,2020,-0.07007354342293913,-0.05478589136153944,-0.062429717392239285
ESRT,2021,-0.02863347170764345,-7.790832432351793e-05,-0.014355690015983484
ESRT,2022,-0.021954768560373348,-0.027322559547846986,-0.024638664054110165
ESRT,2023,0.06108305545236025,-0.022877426017957822,0.019102814717201214
ESRT,2024,0.052841448720613804,-0.0487615164667988,0.0020399661269075026
ESRT,2025,-0.05670795765225027,-0.04235658413108793,-0.0495322708916691
ESS,2014,-0.10751620745079903,-0.08390683320060117,-0.0957115203257001
ESS,2015,-0.0763384242900241,-0.13607743417756676,-0.10620792923379543
ESS,2016,-0.1541719526847421,-0.1055833357063657,-0.1298776441955539
ESS,2017,-0.10070149662846595,-0.11402835263575564,-0.1073649246321108
ESS,2018,-0.1811159456325864,-0.10355907003147745,-0.14233750783203192
ESS,2019,-0.09911262765143289,-0.01673301050820337,-0.05792281907981813
ESS,2020,-0.14160335804349963,-0.07938569985485898,-0.1104945289491793
ESS,2021,-0.16392343995073017,-0.1163336815390671,-0.14012856074489863
ESS,2022,-0.16508337264898107,-0.12571304271865377,-0.14539820768381742
ESS,2023,-0.13270936456041207,-0.06148274291654234,-0.09709605373847721
ESS,2024,-0.12647235430001758,-0.09494223884927587,-0.11070729657464673
ESS,2025,-0.08233043487041947,-0.06956814408691735,-0.07594928947866841
EXR,2014,-0.13115988939295464,-0.12987332413400762,-0.13051660676348115
EXR,2015,-0.19099922246559548,-0.14758475154423475,-0.1692919870049151
EXR,2016,-0.20455662181703482,-0.14582883152498907,-0.17519272667101193
EXR,2017,-0.17956357681082022,-0.13129208949508084,-0.15542783315295053
EXR,2018,-0.1652407072197549,-0.14395047017124557,-0.15459558869550022
EXR,2019,-0.19839675672159104,-0.11785346449674634,-0.1581251106091687
EXR,2020,-0.1953377876079708,-0.13796719970749624,-0.16665249365773352
EXR,2021,-0.18871142378384087,-0.16035381785646166,-0.17453262082015125
EXR,2022,-0.20932784423627646,-0.15748823210851245,-0.18340803817239446
EXR,2023,-0.19906248462018308,-0.15117957632827447,-0.17512103047422878
EXR,2024,-0.2064739889342102,-0.175705606165871,-0.1910897975500406
EXR,2025,-0.1724471289348121,-0.1630124935894848,-0.16772981126214845
FCPT,2021,-0.05081445615763197,-0.05399450938318907,-0.052404482770410515
FCPT,2024,-0.02149311226641674,-0.014644453545112207,-0.018068782905764476
FR,2014,-0.11497699466232969,-0.013377496610473095,-0.0641772456364014
FR,2015,-0.07304188716485194,-0.06604884044497174,-0.06954536380491183
FR,2016,-0.011447966444847649,0.002626011385200427,-0.004410977529823611
FR,2017,0.053244850697005255,-0.091462952790575,-0.01910905104678487
FR,2018,0.015123166966541781,0.04406296653379779,0.02959306675016979
FR,2019,-0.10243351266039062,0.061295056780708096,-0.020569227939841263
FR,2020,-0.01052033441136521,-0.17721781132219305,-0.09386907286677913
FR,2021,-0.12360743114213817,0.0,-0.06180371557106908
FR,2022,0.017617105531172003,-0.022382610351904603,-0.0023827524103663
FR,2024,-0.04721616089538698,0.008726108810832942,-0.01924502604227702
FRT,2014,-0.055901954775405265,-0.13520659617552158,-0.09555427547546343
FRT,2015,-0.03374202441638823,-0.011507104064758744,-0.022624564240573488
FRT,2016,-0.04201251459322504,-0.025982984433361375,-0.03399774951329321
FRT,2017,-0.08061993734776893,-0.01695297816967107,-0.048786457758719995
FRT,2018,-0.04544639702899935,0.0009884381873876552,-0.022228979420805848
FRT,2019,-0.05078660248719868,-0.04454198840221472,-0.0476642954447067
FRT,2020,-0.10339529778836219,-0.031974346556132724,-0.06768482217224746
FRT,2021,0.031290955877736774,-0.018709815100064676,0.006290570388836049
FRT,2022,-0.026278396319913515,0.03978609295337156,0.006753848316729021
FRT,2023,-0.06588138821747261,-0.07443623573047478,-0.0701588119739737
FRT,2024,-0.002795637410897311,-0.030546595701196652,-0.016671116556046982
FRT,2025,-0.03096749235634967,0.07242192293200553,0.02072721528782793
FSP,2018,-0.09014466132999407,-0.007173442272442902,-0.04865905180121849
FSP,2023,-0.08464433747866446,0.05643522675673993,-0.014104555360962261
GNL,2024,0.31390341161094487,0.1884473330629649,0.25117537233695486
GTY,2022,-0.10680505086637014,-0.020380079073763935,-0.06359256497006704
GTY,2023,0.09409641841975286,0.09677192103774007,0.09543416972874647
GTY,2024,-0.44005921130402326,-0.03323011988327855,-0.2366446655936509
HHH,2014,-0.054882668525380526,-0.015186499189403117,-0.03503458385739182
HHH,2015,-0.09859845230144305,-0.022126254734574094,-0.060362353518008574
HHH,2016,-0.013802216228171703,-0.02276133286710248,-0.01828177454763709
HHH,2017,-0.014390207022127387,-0.0035934975414143146,-0.008991852281770851
HHH,2018,-0.03002628774408498,0.04514606836556965,0.007559890310742334
HHH,2019,-0.059901918460582626,-0.030809749664156845,-0.04535583406236973
HHH,2020,-0.05349365524275727,-0.03171363049663593,-0.042603642869696604
HHH,2021,-0.051223737522855174,-0.034927469602424474,-0.04307560356263983
HHH,2022,-0.05916244304020538,-0.001146391700047696,-0.03015441737012654
HHH,2023,-0.06126928768566014,-0.029203515775627336,-0.045236401730643735
HHH,2024,-0.06633607396061479,-0.07670619944973299,-0.07152113670517389
HHH,2025,-0.10593502133496603,-0.016554411755787906,-0.06124471654537697
HIW,2014,-0.18593967806323303,0.016140323132303472,-0.08489967746546478
HIW,2015,-0.028620980360263042,0.008598716768316398,-0.010011131795973321
HIW,2016,-0.08936071669095337,-0.026246004632763262,-0.057803360661858316
HIW,2017,-0.09334655551580737,-0.07973654347561193,-0.08654154949570965
HIW,2019,-0.010656978189982853,0.0039564670196338214,-0.003350255585174516
HIW,2020,-0.0002962444217968138,-0.0029284409952969994,-0.0016123427085469066
HIW,2021,-0.0450323971272107,-0.096721676244567,-0.07087703668588885
HIW,2022,-0.10637529259120637,-0.02404400796934874,-0.06520965028027756
HIW,2023,-0.02482267435547379,-0.04209990724554303,-0.03346129080050841
HIW,2024,-0.193609904954553,-0.14009731451475865,-0.16685360973465582
HIW,2025,-0.08587213723537154,-0.04754207687088555,-0.06670710705312854
HPP,2014,-0.06125719503681229,-0.004111701028911291,-0.03268444803286179
HPP,2015,0.03110918495459652,-0.02048030480630698,0.00531444007414477
HPP,2016,-0.05533415008428273,-0.029107975838841553,-0.04222106296156214
HPP,2017,-0.09871120861922786,-0.045845558233751534,-0.07227838342648969
HPP,2018,-0.03471808706496239,-0.019542313915749572,-0.02713020049035598
HPP,2019,-0.08100108790923326,-0.08648511587758523,-0.08374310189340925
HPP,2020,-0.14219429593389782,-0.16296009598949093,-0.1525771959616944
HPP,2021,-0.05297461924761148,-0.0416788713422919,-0.04732674529495169
HPP,2022,-0.10833097612323349,-0.0666090631320081,-0.0874700196276208
HPP,2023,-0.12786461326350426,-0.07546962207371423,-0.10166711766860925
HPP,2024,-0.023984405770291494,0.005845099416005863,-0.009069653177142815
HPP,2025,-0.06916456303839956,-0.15188897212490216,-0.11052676758165086
HR,2016,-0.11818357025023074,-0.02903981473304673,-0.07361169249163874
HR,2017,-0.027123408409369647,0.03729215293820601,0.00508437226441818
HR,2018,-0.07417485463158367,0.020827232831218487,-0.026673810900182594
HR,2019,-0.008540395786290764,-0.02634935215292336,-0.01744487396960706
HR,2020,-0.07625973743053088,-0.07539648763390926,-0.07582811253222008
HR,2021,-0.029248276682268926,-0.019894216834370315,-0.02457124675831962
HR,2022,0.015367127598374813,-0.015080483066896066,0.00014332226573937363
HR,2023,-0.07339432115060056,-0.09102417005684664,-0.0822092456037236
HR,2024,-0.05093778291325114,-0.04894735894426057,-0.049942570928755856
HR,2025,-0.028125923876709622,0.0160745533826193,-0.0060256852470451615
HST,2014,-0.05412832803531523,-0.008392515645961733,-0.031260421840638486
HST,2015,0.014402128752128287,0.06619434962318411,0.0402982391876562
HST,2017,-0.038592353255784924,0.004313095106212013,-0.017139629074786455
HST,2019,0.0,0.026227060132018365,0.013113530066009182
HST,2020,-0.03026839419614435,0.028920740958770858,-0.0006738266186867466
HST,2021,-0.0018453278771944255,0.004527693840782035,0.001341182981793805
HST,2022,-0.03456927565679916,-0.023564547999720728,-0.029066911828259944
HST,2024,0.09565292292277378,-0.0229824887743154,0.03633521707422919
HST,2025,0.05950319574621104,0.03899142991077423,0.04924731282849264
INN,2014,-0.01698590816336501,0.0508521073718573,0.016933099604246146
INN,2016,-0.007545217932775631,-0.10990571598677801,-0.05872546695977682
INN,2019,0.2086672764080777,0.0,0.10433363820403885
INN,2021,-0.06460659712899082,-0.05228639365808498,-0.0584464953935379
INN,2022,0.029603513602374558,-0.002201416750181328,0.013701048426096615
INN,2023,0.07337184330690172,0.07358928176094044,0.07348056253392107
INN,2024,-0.0687948429855649,-0.038979423730487836,-0.05388713335802637
INN,2025,-0.3292253510145586,0.037530356838968715,-0.14584749708779493
INVH,2014,-0.027376057380159018,-0.04167494102275335,-0.034525499201456186
INVH,2015,-0.06725180122028125,-0.061676945873640476,-0.06446437354696086
INVH,2016,-0.08243066769247917,-0.09064286674440483,-0.086536767218442
INVH,2017,-0.04748842341754487,-0.019829385986003988,-0.03365890470177443
INVH,2018,-0.04357526338892937,-0.04841116694911794,-0.04599321516902366
INVH,2019,-0.019210253720197846,-0.04941893079512416,-0.034314592257661
INVH,2020,-0.10575041547471882,-0.059904381694002695,-0.08282739858436075
INVH,2021,-0.07794226413927195,-0.0583068911348464,-0.06812457763705917
INVH,2022,-0.08072955376737853,-0.0737739971458169,-0.07725177545659771
INVH,2023,-0.07473741762041781,-0.0397464199046093,-0.057241918762513555
INVH,2024,-0.057434310954259604,-0.028161445185810968,-0.04279787807003529
INVH,2025,-0.04057601522814313,-0.047218564926428376,-0.04389729007728575
IRM,2023,-0.07577313854343527,-0.05164318839966882,-0.06370816347155205
IRM,2024,-0.072808649259911,-0.05862413016979374,-0.06571638971485237
IRM,2025,-0.04954305767657768,-0.07498186503208752,-0.062262461354332596
IVT,2014,-0.2205670794872139,-0.11561677749251265,-0.16809192848986326
IVT,2015,-0.08950931259831497,-0.1918461240347065,-0.14067771831651074
IVT,2016,-0.05910710589182347,0.026354307627570742,-0.016376399132126365
IVT,2017,-0.08556023524088631,-0.05488081117621254,-0.07022052320854942
IVT,2019,-0.10412908235937594,-0.009567364452120992,-0.056848223405748466
IVT,2020,0.0,0.057969515955543005,0.028984757977771503
IVT,2021,0.09409641841975286,0.0,0.04704820920987643
IVT,2022,-0.06586118238845723,-0.0013243107203162936,-0.03359274655438676
IVT,2024,-0.040019351305579244,0.016361572893758912,-0.011828889205910166
IVT,2025,0.05087072838063274,0.08087303273026175,0.06587188055544724
JBGS,2014,-0.11314302421105092,-0.00449543257252901,-0.05881922839178996
JBGS,2015,-0.09213436199714199,-0.01096402176686877,-0.05154919188200538
JBGS,2016,-0.1043294517553109,-0.08075334245974768,-0.09254139710752929
JBGS,2017,-0.07798482651999694,-0.08824932446547748,-0.08311707549273721
JBGS,2018,-0.06432104747122981,-0.05749423886321261,-0.060907643167221207
JBGS,2019,-0.0141372383516497,-0.05813704147645102,-0.03613713991405036
JBGS,2020,-0.040598890448702026,-0.0961313707834527,-0.06836513061607737
JBGS,2021,-0.08105661054309324,-0.03512494062960636,-0.0580907755863498
JBGS,2022,-0.12595112192629518,-0.04499683128285867,-0.08547397660457692
JBGS,2023,-0.04201576442808993,-0.015721966696138387,-0.028868865562114158
JBGS,2024,-0.03100388068237945,-0.019010353932034655,-0.025007117307207054
JBGS,2025,-0.01582115484177866,-0.002274460737612256,-0.009047807789695458
KIM,2014,-0.02784612364496854,0.022800464381040192,-0.0025228296319641744
KIM,2015,-0.08752136235993571,-0.025943283650878005,-0.05673232300540686
KIM,2016,-0.0634422505559394,-0.0480021791377814,-0.0557222148468604
KIM,2017,-0.02083790649031567,-0.01802083186147389,-0.01942936917589478
KIM,2018,0.0003243534964564986,0.011380118586683766,0.005852236041570132
KIM,2019,-0.057415992670149546,-0.09201690309059134,-0.07471644788037043
KIM,2020,-0.13320257107991185,-0.016135393302332927,-0.07466898219112239
KIM,2021,-0.06898640374244501,-0.04443461273966896,-0.05671050824105699
KIM,2022,-0.09321724060059698,-0.015400002512842449,-0.05430862155671971
KIM,2023,-0.01431302692867786,-0.030659681427030246,-0.02248635417785405
KIM,2024,-0.024764148195949024,0.011650444580937903,-0.0065568518075055605
KIM,2025,-0.046997791979082666,-0.04619575035969196,-0.04659677116938731
KRC,2014,-0.13611034535860148,-0.012059130334013119,-0.0740847378463073
KRC,2015,-0.02313948768099753,-0.022528827190552644,-0.022834157435775087
KRC,2016,-0.03160266838759934,-0.03034419781639453,-0.030973433101996937
KRC,2017,-0.08182822373806481,-0.009841429224103899,-0.045834826481084355
KRC,2018,-0.08192572655862651,0.05004337227837703,-0.01594117714012474
KRC,2019,-0.04708266100419094,-0.02316122661850445,-0.03512194381134769
KRC,2020,0.0011044842702193124,0.0010062621145518155,0.001055373192385564
KRC,2021,-0.03719451113325064,-0.028169535288708938,-0.03268202321097979
KRC,2022,0.046670404366456676,-0.08081091030982285,-0.017070252971683086
KRC,2023,-0.09556729454686747,-0.037048802491413936,-0.0663080485191407
KRC,2024,-0.07680723759992164,-0.03670731601320993,-0.05675727680656578
KRC,2025,-0.09879301308318016,-0.021743992591808262,-0.06026850283749421
KRG,2015,-0.05078660248719868,0.028147767629226536,-0.01131941742898607
KRG,2016,-0.01414187958649963,-0.005122996360952775,-0.009632437973726203
KRG,2017,-0.049136835025702416,-0.0755521653299361,-0.062344500177819256
KRG,2018,-0.1105191522810093,0.06416199504560353,-0.02317857861770288
KRG,2019,-0.024950707275627385,-0.07396971722371089,-0.049460212249669136
KRG,2020,-0.055505574050780965,-0.035797483631707185,-0.04565152884124407
KRG,2021,-0.05574723978787932,-0.03690380212961693,-0.046325520958748125
KRG,2022,-0.05027927412097126,-0.03657984698479419,-0.043429560552882725
KRG,2023,-0.10943727230450782,0.006066598409989302,-0.05168533694725926
KRG,2024,-0.014804733209265616,-0.03837260597209101,-0.026588669590678314
KRG,2025,-0.2214934743781165,-0.01700534878741296,-0.11924941158276474
LADR,2017,0.22297825086935127,0.14559328925304207,0.18428577006119667
LADR,2018,-0.00019822929360197028,0.0844706839957497,0.04213622735107386
LADR,2024,0.07057231381481464,0.12130954909539264,0.09594093145510364
LAMR,2014,-0.05406972393525669,-0.06592771842678552,-0.059998721181021106
LAMR,2015,-0.05672162614024231,-0.062098785163642256,-0.059410205651942286
LAMR,2016,-0.07520775699691229,-0.04742495184257036,-0.06131635441974133
LAMR,2017,-0.07875200667105592,-0.06265281847254957,-0.07070241257180274
LAMR,2018,-0.06261911243609611,-0.05842998651525661,-0.060524549475676356
LAMR,2019,-0.027942692810600345,-0.07520837580999737,-0.051575534310298855
LAMR,2020,-0.043978415224690134,0.004271784828941854,-0.01985331519787414
LAMR,2021,-0.05918710788353256,-0.02574247911815962,-0.04246479350084609
LAMR,2022,-0.05350930663763677,-0.03906796769933675,-0.04628863716848676
LAMR,2023,-0.0685809165343203,-0.0837180426818162,-0.07614947960806825
LAMR,2024,-0.07622261114729094,-0.06398704831835238,-0.07010482973282166
LAMR,2025,-0.05257224850238481,-0.046973764541999696,-0.049773006522192256
LINE,2014,-0.11811147313700257,-0.07682554847513606,-0.09746851080606932
LINE,2015,-0.041379509337149005,-0.0776089685641823,-0.05949423895066565
LINE,2016,-0.046377859260469875,-0.06107723534385695,-0.05372754730216341
LINE,2017,-0.06824289939663822,-0.10107369950508528,-0.08465829945086176
LINE,2018,-0.06751204954239325,-0.03261408426111403,-0.05006306690175363
LINE,2019,-0.08116465908850039,-0.07448813450284347,-0.07782639679567194
LINE,2020,-0.03442111088620841,-0.0683375402744025,-0.05137932558030546
LINE,2021,-0.08110179204070299,-0.053727820682475856,-0.06741480636158942
LINE,2022,-0.04638776965460761,-0.05349836862268119,-0.049943069138644394
LINE,2023,-0.047505559717573365,-0.039445712792869236,-0.0434756362552213
LINE,2024,-0.026954378066358604,-0.05435164828624349,-0.040653013176301045
LINE,2025,-0.023034317504652246,-0.020287823277053904,-0.021661070390853077
LXP,2015,0.028323224109018715,-0.03566128093226825,-0.0036690284116247685
LXP,2017,0.03403734641135218,0.0,0.01701867320567609
LXP,2019,0.0,0.0,0.0
LXP,2021,0.16664055654186913,0.24701922813696456,0.20682989233941684
LXP,2022,-0.05078660248719868,0.0,-0.02539330124359934
MAA,2014,-0.16672014109489208,-0.11706665665542802,-0.14189339887516006
MAA,2015,-0.15209600419397232,-0.13087037051206055,-0.14148318735301643
MAA,2016,-0.12376539483206299,-0.14659190448819637,-0.13517864966012968
MAA,2017,-0.15514367240987728,-0.10020722222622129,-0.12767544731804928
MAA,2018,-0.1978709714598447,-0.15458497750424915,-0.1762279744820469
MAA,2019,-0.20355475974632892,-0.1739088133094278,-0.18873178652787836
MAA,2020,-0.12283026246657544,-0.12933593585828723,-0.12608309916243132
MAA,2021,-0.13405446155097378,-0.12751790730767992,-0.13078618442932685
MAA,2022,-0.11877685615836318,-0.11079774743900879,-0.11478730179868599
MAA,2023,-0.1571261265990884,-0.08043080344575128,-0.11877846502241984
MAA,2024,-0.11347830381540504,-0.12025599950307295,-0.116867151659239
MAA,2025,-0.14452126053902425,-0.11991290934585516,-0.13221708494243972
MAC,2014,-0.07437631915501713,-0.08757787040466833,-0.08097709477984273
MAC,2015,-0.06130051479869843,-0.0606839969233144,-0.060992255861006414
MAC,2016,-0.06326933736736594,-0.05024660505368506,-0.056757971210525504
MAC,2017,-0.06636855889210477,-0.022030801348192484,-0.04419968012014863
MAC,2018,-0.039850219872067896,-0.02400851183408065,-0.03192936585307427
MAC,2019,-0.05532180916900227,-0.06309029065803687,-0.05920604991351957
MAC,2020,-0.04086123986970761,-0.00033778706701182055,-0.020599513468359715
MAC,2021,-0.04704346783207304,0.014155894656481498,-0.016443786587795772
MAC,2022,-0.012935094606337206,-0.01008010275781228,-0.011507598682074743
MAC,2023,-0.023788101856963194,0.0408433035386187,0.008527600840827754
MAC,2024,-0.06278904837129959,-0.012604119681411615,-0.0376965840263556
MAC,2025,-0.03423313928225996,-0.06447983574416767,-0.049356487513213816
MFA,2020,-0.021313956379965707,0.24261909819078528,0.11065257090540978
MFA,2021,0.09206330839550869,-0.006738632160297971,0.042662338117605364
MFA,2022,-0.028227365149673705,0.051138777134622546,0.01145570599247442
MFA,2023,-0.1253228078027369,0.13883758137424754,0.006757386785755312
MFA,2024,-0.0380648953083388,0.0,-0.0190324476541694
MPW,2022,-0.004351858629606055,0.0,-0.0021759293148030275
MPW,2023,-0.03373543738322611,0.007029604526039651,-0.01335291642859323
MPW,2024,-0.11271883996433418,-0.014738172427848412,-0.0637285061960913
MPW,2025,-0.040181175060261545,-0.05196526543219568,-0.04607322024622861
NHI,2021,0.026159831963201263,0.08087303273026175,0.05351643234673151
NNN,2014,0.009971582783118747,-0.027158295690780723,-0.008593356453830988
NNN,2015,-0.05671424381136823,0.08554290141669611,0.014414328802663943
NNN,2021,-0.0371412949307151,-0.03888213558358394,-0.038011715257149525
NNN,2022,-0.01644083202502411,-0.02124271568812163,-0.01884177385657287
NNN,2023,-0.18477326394063298,-0.12843322582333908,-0.15660324488198601
NNN,2025,0.02272241366862561,0.20105943709761767,0.11189092538312165
NREF,2021,-0.12165471916681574,-0.046728276281929715,-0.08419149772437273
NREF,2022,-0.07497851413617387,-0.013078456510222132,-0.044028485323198
NREF,2023,0.013263362393960143,-0.050460471320698946,-0.0185985544633694
NREF,2024,-0.006591545809602396,0.020471218207600447,0.006939836198999025
NREF,2025,0.11470474525162513,0.11812125418449262,0.11641299971805888
NSA,2020,-0.10889371382134623,-0.02025773510103447,-0.06457572446119035
NSA,2021,-0.23164422396720388,-0.15216435131281567,-0.19190428764000977
NSA,2022,-0.13398689884119125,-0.050487440934067755,-0.0922371698876295
NSA,2023,-0.09451870285925035,-0.079320675215586,-0.08691968903741817
NSA,2024,-0.13384156307620104,-0.09523126014371161,-0.11453641160995633
NSA,2025,-0.050771722177183856,-0.07109969905328944,-0.06093571061523665
NTST,2022,-0.09750893881049001,0.0008698556793932961,-0.04831954156554836
NTST,2023,0.02949065243633619,0.04402962201061248,0.036760137223474335
NTST,2024,-0.026342711176070076,0.1036140139329633,0.03863565137844661
O,2015,-0.04686864836726049,0.051588704796935135,0.0023600282148373217
O,2016,-0.01586381714161359,0.009183479098150323,-0.0033401690217316343
O,2017,-0.10919499087532036,-0.032254846000818814,-0.07072491843806959
O,2018,0.04925835743484894,-0.0634269681788258,-0.007084305371988432
O,2019,0.0,-0.01990267625241112,-0.00995133812620556
O,2020,-0.04429762217284973,-0.0006500839709846044,-0.02247385307191717
O,2021,-0.024287977266829318,-0.0166404285479425,-0.02046420290738591
O,2022,-0.030397288781680104,-0.01932334642683636,-0.024860317604258234
O,2023,-0.026548470206939002,-0.05337741536093962,-0.03996294278393931
O,2024,-0.03288390795453999,-0.013866486435005074,-0.023375197194772532
O,2025,-0.09420190814239936,-0.03716274536709231,-0.06568232675474583
OHI,2014,0.06946795144186602,0.03775686973552641,0.053612410588696216
OHI,2015,0.13360419312625393,0.0895634389229764,0.11158381602461517
OHI,2016,0.10812264739219182,0.06738876993088525,0.08775570866153853
OHI,2017,0.1358422850387962,0.08991022008361393,0.11287625256120506
OHI,2018,0.1585442396470959,0.13549545683038972,0.1470198482387428
OHI,2019,0.11006023347882805,0.09863817633700245,0.10434920490791524
OHI,2020,0.12776770383944352,0.0945889861514004,0.11117834499542197
OHI,2021,0.12388350736027685,0.11718230096372204,0.12053290416199944
OHI,2022,0.12185479420187391,0.08669775007686711,0.10427627213937052
OHI,2023,0.08554571895115971,0.08837127427739096,0.08695849661427534
OHI,2024,0.09416573474829726,0.07172250354442262,0.08294411914635993
OHI,2025,0.08520439742741763,0.07001187847172848,0.07760813794957305
OUT,2014,-0.04063615486540875,-0.02191312506502746,-0.03127463996521811
OUT,2015,-0.011298311705883406,-0.0206618138011888,-0.015980062753536105
OUT,2016,-0.09711449545513785,-0.06635564832541845,-0.08173507189027815
OUT,2017,-0.07106705387651947,-0.04541146961657974,-0.05823926174654961
OUT,2018,-0.09467204729411532,-0.09166966197989307,-0.0931708546370042
OUT,2019,-0.044854128039552195,-0.03284922363670172,-0.03885167583812696
OUT,2020,-0.046219045951551005,-0.033271855222828176,-0.03974545058718959
OUT,2021,-0.05377158101061931,-0.053285109479107806,-0.05352834524486356
OUT,2022,-0.056570964188538776,0.003640855252181946,-0.026465054468178414
OUT,2023,-0.030870209715792612,-0.027406581049499862,-0.02913839538264624
OUT,2024,-0.028556290801860083,-0.020746081082005177,-0.024651185941932628
OUT,2025,-0.03595431750913257,-0.024071434335234527,-0.030012875922183546
PDM,2015,-0.08628940051472589,-0.029100102516193067,-0.057694751515459476
PDM,2016,-0.07396218409554353,0.023122158492689678,-0.025420012801426927
PDM,2017,-0.031216939494307868,-0.06029979443522223,-0.04575836696476505
PDM,2018,0.04450309470235877,0.09940372969653809,0.07195341219944842
PDM,2019,-0.23528138081395905,-0.13535552528941325,-0.18531845305168615
PDM,2020,-0.07518470115965432,-0.08761358339726433,-0.08139914227845932
PDM,2021,0.014851343557253214,-0.23384169257878257,-0.10949517451076468
PDM,2022,0.0,-0.31363438023444357,-0.15681719011722178
PDM,2024,0.004415670558715289,-0.09289960349460555,-0.04424196646794513
PEB,2015,-0.06541323800209992,-0.13890180817509168,-0.1021575230885958
PEB,2016,-0.04732444664315393,0.07006072118972786,0.011368137273286966
PEB,2020,-0.21166088471715572,-0.06719188976402445,-0.1394263872405901
PEB,2021,0.0,0.0748752115606474,0.0374376057803237
PEB,2022,-0.0399939788007387,-0.0332144643137518,-0.03660422155724525
PEB,2023,0.15033622175030834,-0.07159200047692475,0.03937211063669179
PEB,2024,0.10710089582437671,-0.006755903184929031,0.05017249631972384
PGRE,2016,-0.01410919749094577,0.038714465454657426,0.012302633981855828
PGRE,2017,0.09770190785691202,0.048805985534613516,0.07325394669576277
PGRE,2018,0.059818911980538195,-0.07692343972180452,-0.00855226387063316
PGRE,2019,-0.21941174842580868,0.007359776413489061,-0.10602598600615981
PGRE,2021,0.023927564792215278,-0.001825310993333433,0.011051126899440922
PGRE,2022,-0.11246978338599237,-0.03350227809678829,-0.07298603074139033
PGRE,2023,-0.1453437444612634,-0.041419802763947466,-0.09338177361260544
PGRE,2024,0.1455018818257228,0.0,0.0727509409128614
PGRE,2025,-0.0015812527758968693,0.09703847673440542,0.04772861197925428
PK,2019,-0.34834535141858275,0.0023973090007297013,-0.17297402120892652
PK,2020,-0.12713329879591356,-0.09144857138888095,-0.10929093509239726
PK,2021,0.03696695391878615,0.12130954909539264,0.07913825150708939
PK,2022,-0.05602137945526542,0.0,-0.02801068972763271
PK,2024,-0.09452587557815521,-0.07120423416878978,-0.0828650548734725
PK,2025,-0.0676125982835142,-0.05935428410394801,-0.0634834411937311
PLYM,2021,0.054018119022758715,0.0,0.027009059511379357
PLYM,2022,-0.0806916826589243,-0.017398052735774754,-0.04904486769734953
PLYM,2024,-0.08668767827973027,0.036331044328047034,-0.02517831697584162
PLYM,2025,0.03787068944770935,-0.03606549915142156,0.0009025951481438955
PMT,2014,-0.05135677177297361,-0.02806966768522964,-0.03971321972910163
PMT,2015,0.007806576684970137,-0.033707858586498426,-0.012950640950764144
PMT,2016,-0.03501350463839736,-0.029074851011566667,-0.03204417782498201
PMT,2017,-0.05078669144378244,-0.044115373301411166,-0.047451032372596805
PMT,2018,-0.043623209682435785,-0.014478952007318094,-0.02905108084487694
PMT,2019,-0.03774209907340027,-0.0391602386765562,-0.03845116887497824
PMT,2020,-0.05842122493648453,-0.01940111155858364,-0.038911168247534086
PMT,2021,-0.04002164693156692,-0.029631997900760043,-0.034826822416163486
PMT,2022,-0.04321298850067673,-0.043377171797708135,-0.043295080149192436
PMT,2023,-0.029006610647143837,-0.030565932553141374,-0.029786271600142605
PMT,2024,-0.027512544434432396,-0.0366156254689991,-0.03206408495171575
PMT,2025,-0.017146932500178944,-0.006819966270374193,-0.011983449385276568
PSA,2014,-0.11891759894056753,-0.16865097364800688,-0.1437842862942872
PSA,2015,-0.12420946964062797,-0.15975795196913084,-0.1419837108048794
PSA,2016,-0.1318686136323879,-0.1646129169676302,-0.14824076530000904
PSA,2017,-0.12115918365775845,-0.16598948475438874,-0.1435743342060736
PSA,2018,-0.1399796635612185,-0.19704000720702008,-0.1685098353841193
PSA,2019,-0.17817501547360548,-0.17266535382353645,-0.17542018464857095
PSA,2020,-0.18807842739650554,-0.1777517930463286,-0.18291511022141707
PSA,2021,-0.16522716798604944,-0.17961998126823925,-0.17242357462714436
PSA,2022,-0.16941382296722382,-0.19246485790862264,-0.18093934043792323
PSA,2023,-0.16117730914633657,-0.1950466164784787,-0.17811196281240765
PSA,2024,-0.1939932111106557,-0.1659008882532925,-0.1799470496819741
PSA,2025,-0.14183043133717665,-0.1454526662421094,-0.14364154878964303
PSTL,2022,0.10953648343575423,-0.05193231364291415,0.028802084896420038
RC,2019,0.02543536419031637,-0.0029184401808255564,0.011258462004745406
RC,2020,0.07462789176138925,0.04400060027101507,0.05931424601620216
RC,2021,0.029625747087737395,0.03788197678364558,0.033753861935691486
RC,2022,0.04288870717221943,-0.005871514895710122,0.018508596138254653
RC,2023,0.10593900332315984,-0.1157923525136174,-0.004926674595228782
RC,2024,0.00872419642860929,-0.023235969481672572,-0.007255886526531641
RC,2025,-0.043349457178524245,0.08470357964082158,0.020677061231148666
REG,2014,-0.07052311373025161,-0.033911802481125096,-0.052217458105688355
REG,2015,-0.09067670073059163,-0.008359178683914815,-0.049517939707253225
REG,2016,-0.12252171946289779,-0.09473407470514289,-0.10862789708402035
REG,2017,-0.07773009244532919,-0.06353035440163758,-0.07063022342348338
REG,2018,-0.003863692339918367,-0.06181980021451841,-0.03284174627721839
REG,2019,-0.04786493068277338,-0.033028434406955576,-0.04044668254486448
REG,2020,-0.1858442682200771,-0.08537059117150604,-0.13560742969579156
REG,2021,-0.0772898320294722,0.00012239920649874609,-0.03858371641148673
REG,2022,-0.08856345776621193,0.0009891111459968925,-0.043787173310107515
REG,2023,-0.07426958752416302,-0.0491447194751945,-0.06170715349967876
REG,2024,-0.0645698013314703,-0.031326025521229664,-0.047947913426349985
REG,2025,-0.042924938500119,-0.02493164615166776,-0.03392829232589338
RHP,2016,-0.1772061412045746,-0.04512356565765652,-0.11116485343111555
RHP,2017,-0.10949778582141208,-0.02668802903955766,-0.06809290743048486
RHP,2018,-0.0791967186737558,-0.03851102278819954,-0.05885387073097767
RHP,2019,-0.06699467640809101,-0.0842069856398492,-0.07560083102397011
RHP,2020,-0.07284148261266551,-0.0127822357846627,-0.04281185919866411
RHP,2021,-0.044223736457046595,-0.009859383220049811,-0.027041559838548203
RHP,2022,-0.051613366041522876,-0.051757496578332826,-0.05168543130992785
RHP,2023,-0.057945278307459235,-0.05780328918884736,-0.0578742837481533
RHP,2024,-0.10537612328047563,-0.04579510551934386,-0.07558561439990974
RHP,2025,-0.09823854901859491,-0.04635401201967528,-0.0722962805191351
RLJ,2024,-0.11547857998357147,0.03164306185260643,-0.04191775906548252
RLJ,2025,0.009744523778384263,-0.044280122583868105,-0.01726779940274192
RPT,2019,-0.018351199793564338,0.0,-0.009175599896782169
RPT,2020,-0.10017929300912762,-0.054016583932573345,-0.07709793847085047
RPT,2025,0.0043378246543042155,0.05236903036050493,0.02835342750740457
SAFE,2024,0.03322266145041814,0.08462530178213462,0.05892398161627638
SBAC,2014,-0.03493637976072531,-0.05695864422093517,-0.04594751199083024
SBAC,2015,-0.07746872155307796,-0.07242238921357225,-0.0749455553833251
SBAC,2016,-0.0392083729150354,-0.016689817074110724,-0.027949094994573064
SBAC,2017,-0.023099675492787814,-0.034950913666259326,-0.029025294579523568
SBAC,2018,-0.03894225671022972,-0.037940303448077646,-0.03844128007915368
SBAC,2019,-0.044722884464796116,-0.06958102953475394,-0.05715195699977503
SBAC,2020,-0.03534084406623103,0.0030637391778747065,-0.016138552444178163
SBAC,2021,-0.042487106753036116,-0.02745037962695878,-0.034968743189997445
SBAC,2022,-0.033130593262702485,-0.03431678849972261,-0.03372369088121255
SBAC,2023,-0.05397003522588671,-0.033184563106713416,-0.043577299166300064
SBAC,2024,-0.041897275086618384,-0.01604967024205231,-0.028973472664335347
SBAC,2025,-0.04829533581430912,-0.01773392097783011,-0.03301462839606961
SILA,2017,-0.03373543738322611,0.08087303273026175,0.02356879767351782
SILA,2018,0.1095947579690964,0.0784709887240096,0.094032873346553
SILA,2019,-0.007755781966429781,0.029590187148855685,0.010917202591212953
SILA,2021,-0.11177113668131372,0.0,-0.05588556834065686
SILA,2022,0.0,-0.08530420169372395,-0.042652100846861975
SILA,2023,-0.10467599747416204,-0.12087589770427548,-0.11277594758921876
SITC,2020,-0.039078427160428184,0.01306655188596468,-0.013005937637231752
SITC,2021,0.10973203231625413,0.0841846519171614,0.09695834211670776
SITC,2022,-0.10467511799110286,-0.06312685326592544,-0.08390098562851415
SITC,2023,0.020172143321220037,-0.15483979666867798,-0.06733382667372897
SITC,2024,-0.015560616012882583,-0.020002841809455413,-0.017781728911168998
SITC,2025,-0.28930023685137507,0.0,-0.14465011842568753
SKT,2014,-0.10980326757179995,-0.12489092920414234,-0.11734709838797114
SKT,2015,-0.10779628010425586,-0.018850939552833255,-0.06332360982854456
SKT,2016,-0.03424873105317684,-0.03921851295437249,-0.03673362200377467
SKT,2017,-0.07342986826765167,-0.0770065325272277,-0.07521820039743968
SKT,2018,-0.1666055747653831,-0.058115049343756164,-0.11236031205456963
SKT,2019,-0.0716443815875582,-0.02510196204714878,-0.04837317181735349
SKT,2020,-0.03632147363605268,-0.010191671078945358,-0.02325657235749902
SKT,2021,-0.0613309122182812,-0.08695753953359818,-0.07414422587593969
SKT,2022,-0.06399078265585305,-0.13343129878935178,-0.09871104072260242
SKT,2023,-0.0644732206439589,-0.1383751701370429,-0.1014241953905009
SKT,2024,-0.07705963811919195,-0.08660519546547797,-0.08183241679233497
SKT,2025,-0.12072554287550483,-0.0005490895197492601,-0.06063731619762704
SLG,2015,-0.005236671437325586,-0.016192369025994045,-0.010714520231659816
SLG,2016,0.004061020862272557,0.03407745119664585,0.019069236029459202
SLG,2017,-0.042382174527922534,-0.00539059253850192,-0.02388638353321223
SLG,2018,-0.02559461079172771,-0.011308777260934062,-0.018451694026330887
SLG,2019,-0.1414910500928839,0.002156827342207103,-0.0696671113753384
SLG,2020,-0.02368198485101572,-0.02813263148328833,-0.025907308167152025
SLG,2021,0.054015562665744296,0.01809751253563544,0.036056537600689866
SLG,2022,-0.024012655373558223,0.0065507862595926124,-0.008730934556982806
SLG,2023,-0.0005657207436332301,0.04213094956611632,0.020782614411241546
SLG,2024,-0.03163052010297653,-0.011029081791492604,-0.021329800947234568
SLG,2025,-0.005355255570312589,-0.03626939858415894,-0.020812327077235765
SMA,2014,-0.21048645759074286,-0.13444968575136743,-0.17246807167105516
SMA,2015,-0.12122487615426682,-0.13068163705275113,-0.12595325660350898
SMA,2016,-0.1596484159997503,-0.14558909656311564,-0.15261875628143295
SMA,2017,-0.03896563736981906,-0.12361048994676634,-0.08128806365829269
SMA,2018,-0.24977802507197006,-0.09673251274750544,-0.17325526890973775
SMA,2019,-0.07728114820435164,-0.1169309343458218,-0.09710604127508672
SMA,2020,-0.05364027515804701,-0.06527400101365835,-0.05945713808585268
SMA,2021,-0.12724711494105675,-0.2700767556938152,-0.19866193531743598
SMA,2022,-0.14959591055212745,-0.16086265119491272,-0.1552292808735201
SMA,2023,-0.11683001963957633,-0.07685310312052891,-0.09684156138005262
SMA,2024,-0.39075863569255154,-0.05843090378516731,-0.22459476973885942
SMA,2025,-0.10447435547239152,-0.134654148336226,-0.11956425190430875
SPG,2014,-0.08333600061094185,-0.05401666075752719,-0.06867633068423451
SPG,2015,-0.07295495475309685,-0.04315607613258274,-0.058055515442839795
SPG,2016,-0.06782773427898173,-0.05676422585943445,-0.062295980069208085
SPG,2017,-0.10117103756344983,-0.06434866294048779,-0.0827598502519688
SPG,2018,-0.04156020811382367,-0.04021774175377867,-0.04088897493380117
SPG,2019,-0.033037344238444497,-0.021911187329832757,-0.027474265784138627
SPG,2020,-0.09943869786754476,-0.06444787738919232,-0.08194328762836854
SPG,2021,-0.06559515112549064,-0.062038272360294945,-0.06381671174289279
SPG,2022,-0.05535769094925734,-0.036114423224669075,-0.04573605708696321
SPG,2023,-0.04423356284943556,-0.03028023639908509,-0.03725689962426033
SPG,2024,-0.07188317594691179,-0.04365443581113326,-0.05776880587902253
SPG,2025,-0.06495729749577976,-0.03621120800045606,-0.05058425274811791
STAG,2014,0.044984043721564095,-0.061430944286819535,-0.00822345028262772
STAG,2016,-0.036785663756026155,0.04276002965641098,0.0029871829501924123
STAG,2017,-0.06772640798551058,0.0,-0.03386320399275529
STAG,2021,-0.08906446702033269,-0.040970536561871725,-0.0650175017911022
STAG,2022,-0.04564007140374522,0.057686638001718214,0.006023283298986496
STAG,2023,-0.23525360271971185,0.0,-0.11762680135985593
STAG,2024,-0.044974412182875456,0.04415413519333776,-0.0004101384947688483
STWD,2014,-0.033482299205644064,-0.006522771490180301,-0.020002535347912184
STWD,2015,0.08391726149659035,0.07465930392489609,0.07928828271074322
STWD,2016,-0.06340279439943808,0.029720990473461058,-0.01684090196298851
STWD,2017,8.758067938080538e-05,-0.019089423600949163,-0.009500921460784179
STWD,2018,0.0051122635448159655,-0.08912795193682725,-0.042007844196005645
STWD,2019,0.054013746333967286,0.0,0.027006873166983643
STWD,2020,0.05090199447421769,0.037964035305257465,0.04443301488973758
STWD,2021,-0.002992083030738112,0.037074376790481894,0.01704114687987189
STWD,2022,0.06662590724906298,-0.003922214348041743,0.03135184645051062
STWD,2023,-0.06955257090093613,-0.01782562632650967,-0.0436890986137229
STWD,2024,0.004005793485966745,0.005476635820247559,0.004741214653107152
STWD,2025,0.15051568497137466,-0.03532383841780024,0.05759592327678721
SUI,2014,-0.07311139515196259,-0.1165660160893941,-0.09483870562067834
SUI,2015,-0.09148612699335663,-0.09710688605340406,-0.09429650652338034
SUI,2016,-0.07331194904151511,-0.03893248915493832,-0.05612221909822672
SUI,2017,-0.05277127825813117,-0.05556506551588073,-0.05416817188700595
SUI,2018,-0.09211226139249254,-0.06195012782053847,-0.0770311946065155
SUI,2019,-0.06737968943491227,-0.044059033616143696,-0.05571936152552798
SUI,2020,-0.06329400415162036,-0.021097257545895132,-0.04219563084875774
SUI,2021,-0.09992823567929178,-0.14015244237634833,-0.12004033902782005
SUI,2022,-0.11755644152477454,-0.058350220635917834,-0.08795333108034618
SUI,2023,-0.0902068863279257,-0.04744872536371414,-0.06882780584581992
SUI,2024,-0.08017924996096906,-0.05835163586558345,-0.06926544291327626
SUI,2025,-0.1502639016149758,-0.08940731705793759,-0.11983560933645669
TRTX,2014,-0.08268994831962061,-0.015712142733933638,-0.04920104552677712
TRTX,2015,-0.0315046241897586,-0.026484813565665177,-0.02899471887771189
TRTX,2016,-0.05054040583170859,-0.049935425541380515,-0.05023791568654455
TRTX,2017,0.04121881563555556,-0.012156597146959358,0.0145311092442981
TRTX,2018,-0.04132295625105392,0.0286975814490882,-0.006312687400982861
TRTX,2019,0.00564708464828321,-0.02136758997871347,-0.007860252665215131
TRTX,2020,0.029290417386948424,-0.008819046698331836,0.010235685344308295
TRTX,2021,-0.02038197242347746,0.0003011288507786068,-0.010040421786349426
TRTX,2022,-0.0007236133706416937,0.017683789377136307,0.008480088003247307
TRTX,2023,-0.0013616730322895051,0.0022500343139480366,0.0004441806408292657
TRTX,2024,0.00041329454149746495,0.00851251676532062,0.004462905653409043
TRTX,2025,-0.014045437350029494,-0.004058344930942726,-0.00905189114048611
UDR,2014,-0.09385561413665156,-0.10496318306426189,-0.09940939860045672
UDR,2015,-0.11644969521214141,-0.09968977250456053,-0.10806973385835097
UDR,2016,-0.16718462905445847,-0.10047472775678393,-0.1338296784056212
UDR,2017,-0.13864375405447554,-0.08915718038128694,-0.11390046721788125
UDR,2018,-0.1506179479153184,-0.1475630861903551,-0.14909051705283677
UDR,2019,-0.21529538286857702,-0.14965948940990173,-0.1824774361392394
UDR,2020,-0.12111840149882794,-0.06218662673182586,-0.0916525141153269
UDR,2021,-0.16685909635189905,-0.10625811136040154,-0.1365586038561503
UDR,2022,-0.11384105157777052,-0.12268704192299068,-0.1182640467503806
UDR,2023,-0.11896548245936195,-0.1142411400132413,-0.11660331123630163
UDR,2024,-0.10574797524116762,-0.09653121880313198,-0.10113959702214981
UDR,2025,-0.07116081735169855,-0.07890530585633776,-0.07503306160401815
UE,2016,0.0,-0.15403979965679868,-0.07701989982839934
UE,2017,0.018071435898111568,-0.04031686300456126,-0.011122713553224847
UE,2019,-0.09336746897548817,-0.06250714300855609,-0.07793730599202213
UE,2020,-0.14195670521228904,0.0,-0.07097835260614452
UE,2022,0.014390194304027049,-0.08078961824940273,-0.03319971197268784
UE,2023,0.04342911619373209,-0.0359243906834778,0.0037523627551271435
UMH,2015,-0.20236975983681335,-0.018047998812163082,-0.11020887932448822
UMH,2016,-0.07011746793361069,-0.07432359333589958,-0.07222053063475514
UMH,2017,-0.03128335354521818,0.013478838788376959,-0.008902257378420611
UMH,2018,-0.14635146624855191,-0.13342332286165431,-0.13988739455510313
UMH,2020,-0.12000112121491481,-0.09622102470443576,-0.10811107295967529
UMH,2021,-0.09101826050725312,-0.024352907055310194,-0.057685583781281656
UMH,2022,-0.14826441308474217,-0.020623744224559183,-0.08444407865465067
UMH,2023,-0.09419774308733823,-0.028931737572150305,-0.061564740329744266
UMH,2024,-0.07725313155695956,-0.08637272323572093,-0.08181292739634025
VICI,2019,-0.06328420989031737,0.021742147002936328,-0.02077103144369052
VICI,2021,-0.06348325310899834,0.09463089791150651,0.015573822401254087
VNO,2014,-0.07196245538994235,0.00257458758651408,-0.03469393390171414
VNO,2015,-0.028235256422496375,-0.02013618940395452,-0.024185722913225446
VNO,2016,0.006178746745634333,-0.04654523972226156,-0.020183246488313614
VNO,2017,-0.07232618375575382,-0.08641342450415532,-0.07936980412995456
VNO,2018,0.0078210102896903,-0.004310296918925839,0.0017553566853822302
VNO,2019,0.0058857807301706325,-0.04297612050691587,-0.01854516988837262
VNO,2020,-0.0026108499608204095,-0.02130571108626647,-0.01195828052354344
VNO,2021,0.008307367503810961,-0.026739640375209303,-0.009216136435699171
VNO,2022,-0.028883742775831327,-0.013097341843210514,-0.02099054230952092
VNO,2023,-0.023781622727166257,0.007870761295638143,-0.007955430715764057
VNO,2024,-0.015494782536015992,-0.007955494220317636,-0.011725138378166813
VNO,2025,-0.0325060570909375,-0.052232348667906395,-0.04236920287942195
VRE,2022,-0.14631550842557875,-0.056403579675782856,-0.1013595440506808
VRE,2023,-0.10000397699239519,-0.07915766367375746,-0.08958082033307632
VRE,2024,-0.04897896721083703,-0.021232803491852553,-0.03510588535134479
VRE,2025,0.17438569499029732,0.07582487704759926,0.1251052860189483
VTR,2014,0.04080042158128943,0.106608641150364,0.07370453136582672
VTR,2015,-0.022418172171402663,0.004481950333010346,-0.008968110919196158
VTR,2016,-0.026658361634701033,-0.015150487402637199,-0.020904424518669116
VTR,2017,0.017683118329335046,0.0,0.008841559164667523
VTR,2018,0.004059223814306609,0.0049137693049298775,0.004486496559618244
VTR,2019,-0.056037441674398315,-0.03833486045264406,-0.047186151063521184
VTR,2020,-0.015282421296951346,-0.005935553579531277,-0.010608987438241312
VTR,2021,-0.023269788275248088,-0.008555655014755307,-0.015912721645001696
VTR,2022,-0.019534025510924535,-0.03415627426526709,-0.026845149888095814
VTR,2023,-0.09090948193166348,-0.015552279000403558,-0.05323088046603352
VTR,2024,0.004735799580601198,0.012505047150233005,0.008620423365417101
VTR,2025,-0.02396004496539125,0.01613341981531865,-0.0039133125750363
WELL,2014,0.024268038894371284,0.0,0.012134019447185642
WELL,2015,-0.03976976059125006,-0.022508332431438793,-0.031139046511344425
WELL,2016,-0.04225163102086563,-0.04330679124446765,-0.04277921113266664
WELL,2017,-0.05613625008298654,-0.04901430430999789,-0.052575277196492215
WELL,2018,1.5693391671458938e-05,-0.01608132591027008,-0.00803281625929931
WELL,2019,-0.0395620022322495,-0.001932153284566202,-0.020747077758407853
WELL,2020,-0.06770548947712114,-0.06550184879337805,-0.0666036691352496
WELL,2021,-0.05787398164697497,-0.06509069718858643,-0.061482339417780696
WELL,2022,-0.047495978450172505,-0.06333874398643374,-0.055417361218303124
WELL,2023,-0.07226522276386739,-0.018504472306900034,-0.045384847535383716
WELL,2024,-0.010412490422639906,-0.007380333114906428,-0.008896411768773167
WELL,2025,-0.032444876626072296,0.004821323553921804,-0.013811776536075246
WPC,2014,0.0035082305964685943,-0.02211202168088348,-0.009301895542207443
WPC,2015,-0.06758646218877647,-0.013109691546395576,-0.04034807686758602
WPC,2016,0.002316517689242145,-0.02848832764307186,-0.013085904976914857
WPC,2017,-0.016393443856818665,-0.027140868206206367,-0.021767156031512518
WPC,2018,-0.07990777569284802,-0.009127515379598137,-0.044517645536223074
WPC,2019,-0.09239548678029308,0.004527693840782035,-0.04393389646975552
WPC,2020,-0.16324997203071068,-0.06653302762480506,-0.11489149982775787
WPC,2021,-0.11457366438372724,4.34174507643369e-05,-0.05726512346648145
WPC,2022,-0.014124527228470836,0.025000071767725507,0.005437772269627336
WPC,2023,-0.022883183226048556,0.006805538399227274,-0.00803882241341064
WPC,2024,-0.062123926273315415,-0.019311095187052138,-0.04071751073018377
WPC,2025,-0.1941128392701924,0.036331044328047034,-0.07889089747107268
WSR,2014,-0.016837918152888494,-0.041202394054252175,-0.029020156103570335
WSR,2015,0.0791781120386878,-0.03116928797601251,0.024004412031337644
WSR,2016,-0.046577153928499496,-0.03266828759258982,-0.039622720760544655
WSR,2017,-0.0330158944253255,-0.1524962322290993,-0.0927560633272124
WSR,2018,0.02718996042938572,-0.01227505016158044,0.007457455133902641
WSR,2019,0.03804475315915777,-0.0011818149667075185,0.018431469096225127
WSR,2020,-0.06425304435858123,-0.023623127362958945,-0.04393808586077009
WSR,2021,-0.03403166656078102,0.03675130417200841,0.001359818805613696
WSR,2022,-0.07945183987657924,-0.05102472912275588,-0.06523828449966756
WSR,2023,-0.056437358742421645,-0.0906674360063445,-0.07355239737438307
WSR,2024,0.16504845277660385,-0.04247724758925697,0.06128560259367344
WSR,2025,-0.028112864486021755,-0.022714042813366687,-0.02541345364969422
WY,2014,-0.0655585869077675,-0.05353664751158413,-0.059547617209675816
WY,2015,-0.03466871903411231,-0.05546207227306619,-0.045065395653589246
WY,2016,-0.039943380814284175,-0.040419145896986516,-0.04018126335563535
WY,2017,-0.05400908995382902,-0.053226569242399734,-0.053617829598114376
WY,2018,-0.03026627354879333,-0.030612252463411736,-0.030439263006102533
WY,2019,-0.09621518835953663,-0.025150056444971598,-0.06068262240225411
WY,2020,-0.028278056679203373,-0.02849203102197386,-0.02838504385058862
WY,2021,-0.04093012148320876,-0.024677370893219374,-0.032803746188214064
WY,2022,-0.039640597959727984,-0.03768012744264377,-0.03866036270118588
WY,2023,-0.03750557206407113,-0.03597575088856747,-0.0367406614763193
WY,2024,-0.06553102701642684,-0.02862547812700998,-0.04707825257171841
WY,2025,-0.019549539476347584,-0.04416390601598586,-0.03185672274616672
XHR,2016,0.011879763333969152,0.07474602732686916,0.043312895330419154
XHR,2017,0.01991578881481358,0.0,0.00995789440740679
XHR,2019,-0.09280323757221379,-0.051795011663967334,-0.07229912461809056
XHR,2020,0.21171694144444392,0.0,0.10585847072222196
XHR,2021,0.28304627109084146,0.0023973090007297013,0.14272179004578558
XHR,2022,0.01941443111549703,0.0967245367462419,0.05806948393086947
XHR,2024,-0.07473874991510901,-0.06088677315030688,-0.06781276153270795
XHR,2025,0.0,-0.2547313448604005,-0.12736567243020025
