ticker,year,review_count,rating,POST_CHATGPT,word_count_pros,word_count_cons
AAT,2014,1,3.5,0,20,40
AAT,2015,1,3.0,0,11,17
AAT,2016,3,3.3333333333333335,0,101,45
AAT,2017,2,1.0,0,15,69
AAT,2018,2,1.0,0,13,55
AAT,2019,2,2.5,0,37,45
AAT,2020,3,2.6666666666666665,0,30,89
AAT,2021,4,3.2,0,22,22
AAT,2022,2,5.0,0,10,12
AAT,2023,3,4.0,1,37,33
AAT,2024,1,1.0,1,3,81
AAT,2025,3,2.6666666666666665,1,89,24
ABR,2016,4,4.75,0,55,29
ABR,2017,4,2.5,0,47,53
ABR,2018,5,3.4,0,27,47
ABR,2019,5,3.0,0,58,107
ABR,2020,11,3.5833333333333335,0,112,141
ABR,2021,20,3.380952380952381,0,189,260
ABR,2022,27,3.074074074074074,0,193,217
ABR,2023,30,3.1333333333333333,1,341,414
ABR,2024,45,4.044444444444444,1,590,398
ABR,2025,26,3.8214285714285716,1,425,335
ADC,2018,1,2.0,0,9,9
ADC,2019,1,4.0,0,26,26
ADC,2021,2,3.0,0,10,33
ADC,2022,2,1.5,0,23,150
ADC,2023,1,4.0,1,7,13
ADC,2024,1,5.0,1,3,4
ADC,2025,1,5.0,1,44,5
AHH,2016,2,4.0,0,24,30
AHH,2017,3,3.6666666666666665,0,45,33
AHH,2018,1,1.0,0,3,25
AHH,2019,1,5.0,0,6,7
AHH,2020,1,2.0,0,4,56
AHH,2021,2,3.0,0,31,6
AHH,2022,4,4.75,0,63,13
AHH,2023,8,3.5,1,50,106
AHH,2024,7,4.375,1,47,30
AHR,2022,2,4.5,0,7,9
AHR,2023,1,5.0,1,5,4
AHR,2024,2,4.0,1,13,14
AHR,2025,2,5.0,1,118,20
AHT,2015,2,4.5,0,30,30
AHT,2016,2,3.0,0,9,10
AHT,2017,1,3.0,0,8,8
AHT,2020,1,3.0,0,5,4
AHT,2021,6,4.0,0,29,40
AHT,2022,3,4.333333333333333,0,25,16
AHT,2023,1,4.0,1,3,5
AHT,2024,4,4.0,1,25,194
AHT,2025,1,4.0,1,3,4
ALEX,2014,1,2.0,0,14,8
ALEX,2015,1,5.0,0,10,4
ALEX,2020,1,5.0,0,42,13
ALEX,2021,2,3.5,0,20,13
ALEX,2023,1,5.0,1,10,6
ALX,2020,1,5.0,0,3,2
ALX,2021,4,4.0,0,15,14
ALX,2024,4,4.0,1,31,24
AMH,2014,16,1.9375,0,192,377
AMH,2015,60,2.6721311475409837,0,913,1840
AMH,2016,39,2.75,0,657,1686
AMH,2017,54,3.3703703703703702,0,782,881
AMH,2018,72,4.013698630136986,0,1174,934
AMH,2019,46,3.5531914893617023,0,726,624
AMH,2020,41,3.3658536585365852,0,552,492
AMH,2021,57,3.542372881355932,0,642,978
AMH,2022,88,3.6363636363636362,0,973,1131
AMH,2023,71,3.219178082191781,1,601,1060
AMH,2024,58,3.1724137931034484,1,403,774
AMH,2025,34,2.8055555555555554,1,230,593
AMT,2014,23,2.8260869565217392,0,271,1254
AMT,2015,57,2.9649122807017543,0,713,1421
AMT,2016,60,3.096774193548387,0,643,818
AMT,2017,53,3.4444444444444446,0,507,618
AMT,2018,52,3.0576923076923075,0,538,822
AMT,2019,53,3.1296296296296298,0,1055,1378
AMT,2020,52,3.5660377358490565,0,381,888
AMT,2021,98,3.588235294117647,0,771,985
AMT,2022,88,3.763440860215054,0,573,985
AMT,2023,77,3.7468354430379747,1,643,1113
AMT,2024,58,3.6885245901639343,1,399,521
AMT,2025,36,3.5135135135135136,1,258,546
AOMR,2020,3,3.3333333333333335,0,23,51
AOMR,2021,9,3.5555555555555554,0,58,58
AOMR,2022,14,3.2857142857142856,0,80,189
AOMR,2023,2,2.3333333333333335,1,37,206
AOMR,2024,3,4.0,1,26,27
AOMR,2025,1,3.0,1,4,6
APLE,2015,3,4.666666666666667,0,24,22
APLE,2016,1,3.0,0,2,2
APLE,2017,1,3.0,0,9,11
APLE,2020,1,3.0,0,4,10
APLE,2021,3,4.666666666666667,0,21,11
APLE,2022,1,3.0,0,7,8
APLE,2023,2,3.0,1,20,13
APLE,2024,1,5.0,1,12,3
ARE,2014,1,4.0,0,6,6
ARE,2015,2,4.5,0,23,13
ARE,2016,7,4.125,0,338,125
ARE,2017,4,4.5,0,81,19
ARE,2018,8,4.125,0,382,102
ARE,2019,6,3.1666666666666665,0,333,384
ARE,2020,2,3.0,0,22,35
ARE,2021,8,3.75,0,141,285
ARE,2022,12,4.333333333333333,0,251,153
ARE,2023,2,4.0,1,10,11
ARE,2024,5,4.8,1,73,50
ARE,2025,1,1.0,1,4,3
BDN,2014,3,3.6666666666666665,0,26,21
BDN,2015,6,4.666666666666667,0,71,55
BDN,2016,2,4.0,0,15,11
BDN,2017,5,4.4,0,48,39
BDN,2018,3,4.0,0,23,61
BDN,2019,3,4.333333333333333,0,23,16
BDN,2020,4,3.5,0,44,77
BDN,2021,3,4.666666666666667,0,13,13
BDN,2022,6,3.5,0,55,72
BDN,2023,5,3.8,1,43,155
BDN,2024,8,4.25,1,39,51
BDN,2025,3,2.3333333333333335,1,18,61
BFS,2016,1,1.0,0,6,20
BFS,2022,1,3.0,0,13,8
BFS,2025,1,5.0,1,3,6
BNL,2019,1,5.0,0,7,5
BNL,2022,3,5.0,0,16,9
BNL,2024,3,3.6666666666666665,1,25,9
BNL,2025,1,5.0,1,4,3
BRG,2021,3,4.333333333333333,0,46,22
BRG,2022,1,2.0,0,7,23
BRSP,2025,1,5.0,1,26,10
BRX,2014,7,2.7142857142857144,0,51,47
BRX,2015,6,4.166666666666667,0,76,54
BRX,2016,9,3.2222222222222223,0,68,48
BRX,2017,11,3.0,0,105,188
BRX,2018,10,2.4,0,105,187
BRX,2019,5,4.4,0,67,53
BRX,2020,11,3.272727272727273,0,95,104
BRX,2021,12,4.0,0,91,54
BRX,2022,17,3.8823529411764706,0,140,175
BRX,2023,14,3.7142857142857144,1,129,146
BRX,2024,19,4.2631578947368425,1,155,121
BRX,2025,6,3.875,1,51,31
BXP,2014,12,3.5,0,151,212
BXP,2015,9,3.5,0,95,121
BXP,2016,9,4.222222222222222,0,86,73
BXP,2017,12,3.857142857142857,0,126,190
BXP,2018,8,3.5,0,110,327
BXP,2019,9,3.888888888888889,0,109,98
BXP,2020,9,4.111111111111111,0,68,49
BXP,2021,26,3.925925925925926,0,267,268
BXP,2022,16,3.6842105263157894,0,120,158
BXP,2023,13,3.6153846153846154,1,127,149
BXP,2024,18,4.05,1,204,310
BXP,2025,12,4.153846153846154,1,94,142
CBL,2014,6,2.5,0,60,219
CBL,2015,3,2.6666666666666665,0,19,79
CBL,2016,8,3.25,0,48,82
CBL,2017,8,3.5,0,66,100
CBL,2018,11,3.3636363636363638,0,73,91
CBL,2019,5,3.8,0,76,100
CBL,2020,3,3.5,0,24,25
CBL,2021,6,3.1666666666666665,0,39,61
CBL,2022,11,3.9166666666666665,0,94,134
CBL,2023,8,3.875,1,62,84
CBL,2024,8,3.6666666666666665,1,71,41
CBL,2025,4,4.25,1,275,28
CCI,2014,11,3.4545454545454546,0,251,388
CCI,2015,10,3.3,0,222,311
CCI,2016,16,2.9375,0,321,659
CCI,2017,17,3.3333333333333335,0,308,470
CCI,2018,20,3.15,0,441,762
CCI,2019,51,3.235294117647059,0,1239,2237
CCI,2020,23,2.869565217391304,0,535,1003
CCI,2021,23,2.4782608695652173,0,284,1285
CCI,2022,28,2.6785714285714284,0,279,1195
CCI,2023,144,3.3112582781456954,1,1136,2175
CCI,2024,137,3.1619718309859155,1,1036,1645
CCI,2025,76,3.55,1,580,844
CDP,2016,4,4.0,0,31,58
CDP,2017,4,3.75,0,69,26
CDP,2018,3,2.3333333333333335,0,25,219
CDP,2019,2,4.0,0,22,16
CDP,2020,1,1.0,0,9,58
CDP,2021,4,4.0,0,35,40
CDP,2022,10,3.5454545454545454,0,75,112
CDP,2023,11,2.4545454545454546,1,111,271
CDP,2025,7,3.5714285714285716,1,44,67
CLDT,2015,1,2.0,0,5,4
CLDT,2019,1,3.0,0,16,2
CLDT,2021,1,4.0,0,5,6
COLD,2014,39,2.4358974358974357,0,355,911
COLD,2015,60,2.859375,0,655,974
COLD,2016,65,2.7794117647058822,0,749,1167
COLD,2017,66,2.388888888888889,0,599,938
COLD,2018,51,2.8461538461538463,0,411,567
COLD,2019,36,2.888888888888889,0,275,297
COLD,2020,53,2.9814814814814814,0,287,477
COLD,2021,131,3.1214285714285714,0,753,1112
COLD,2022,157,3.1325301204819276,0,1015,1492
COLD,2023,130,3.2058823529411766,1,979,1890
COLD,2024,107,3.1238938053097347,1,667,861
COLD,2025,86,2.9450549450549453,1,832,1000
CPT,2014,18,3.5,0,306,417
CPT,2015,37,3.945945945945946,0,576,651
CPT,2016,35,3.7222222222222223,0,659,824
CPT,2017,55,3.7818181818181817,0,773,907
CPT,2018,67,4.059701492537314,0,1103,1131
CPT,2019,85,4.482352941176471,0,1707,1072
CPT,2020,71,4.597222222222222,0,1420,730
CPT,2021,156,4.2993630573248405,0,2618,2112
CPT,2022,76,4.12987012987013,0,843,1060
CPT,2023,125,4.384,1,1562,1358
CPT,2024,114,4.358974358974359,1,1709,1800
CPT,2025,64,4.375,1,937,1156
CSR,2014,1,2.0,0,10,45
CSR,2015,4,3.25,0,42,44
CSR,2016,7,4.285714285714286,0,92,55
CSR,2017,2,4.333333333333333,0,32,51
CSR,2018,6,3.3333333333333335,0,119,194
CSR,2019,5,3.4,0,84,148
CSR,2020,10,4.2,0,148,118
CSR,2021,7,4.0,0,142,51
CSR,2022,15,3.5625,0,132,256
CSR,2023,10,3.7,1,108,185
CSR,2024,5,4.6,1,30,24
CSR,2025,3,3.6666666666666665,1,170,119
CUBE,2014,21,2.4761904761904763,0,321,814
CUBE,2015,55,2.857142857142857,0,854,2785
CUBE,2016,43,2.9555555555555557,0,761,1262
CUBE,2017,40,3.05,0,443,1146
CUBE,2018,34,3.6,0,338,519
CUBE,2019,43,3.3555555555555556,0,442,719
CUBE,2020,54,3.2363636363636363,0,535,714
CUBE,2021,111,3.274336283185841,0,827,1431
CUBE,2022,81,3.2,0,730,1404
CUBE,2023,91,3.6236559139784945,1,929,1116
CUBE,2024,73,3.24,1,608,1303
CUBE,2025,33,3.085714285714286,1,284,497
CUZ,2015,3,3.0,0,37,40
CUZ,2016,2,3.5,0,15,43
CUZ,2017,2,4.5,0,37,28
CUZ,2018,3,5.0,0,52,23
CUZ,2019,3,3.6666666666666665,0,18,17
CUZ,2020,3,2.0,0,24,117
CUZ,2021,5,3.8333333333333335,0,42,33
CUZ,2022,7,3.5714285714285716,0,49,93
CUZ,2023,6,3.857142857142857,1,45,26
CUZ,2024,5,4.666666666666667,1,35,27
CUZ,2025,4,4.5,1,26,13
DEA,2022,1,5.0,0,10,6
DEA,2025,2,2.0,1,8,19
DLR,2024,18,3.789473684210526,1,210,240
DLR,2025,30,3.5161290322580645,1,298,350
DOC,2014,2,3.0,0,20,23
DOC,2017,3,4.333333333333333,0,48,29
DOC,2018,4,4.5,0,187,131
DOC,2020,7,4.142857142857143,0,118,31
DOC,2021,3,3.0,0,17,25
DOC,2022,4,4.25,0,48,42
DOC,2023,5,3.2,1,61,60
DOC,2024,4,3.75,1,40,25
DOC,2025,5,4.0,1,123,42
DRH,2015,1,5.0,0,12,7
DRH,2016,3,5.0,0,353,89
DRH,2024,1,5.0,1,20,11
DRH,2025,1,5.0,1,13,6
DX,2020,1,5.0,0,16,21
DX,2022,1,5.0,0,3,3
EGP,2014,2,5.0,0,10,10
EGP,2015,6,4.666666666666667,0,94,76
EGP,2022,4,4.0,0,16,14
EGP,2023,2,4.0,1,10,10
EGP,2024,2,5.0,1,8,4
ELME,2014,4,2.25,0,80,123
ELME,2015,1,3.0,0,5,4
ELME,2016,2,3.0,0,11,28
ELME,2018,2,2.5,0,11,16
ELME,2019,2,3.5,0,11,8
ELME,2020,4,4.75,0,120,37
ELME,2021,1,4.0,0,10,8
ELME,2022,3,3.75,0,25,20
ELME,2023,1,5.0,1,7,10
ELME,2024,8,3.0,1,47,105
ELME,2025,3,3.0,1,9,12
ELS,2014,22,2.272727272727273,0,326,384
ELS,2015,33,2.5294117647058822,0,483,742
ELS,2016,60,3.3666666666666667,0,1101,1007
ELS,2017,35,3.6944444444444446,0,591,560
ELS,2018,41,3.341463414634146,0,749,790
ELS,2019,27,3.6785714285714284,0,387,333
ELS,2020,22,2.782608695652174,0,187,326
ELS,2021,51,3.327272727272727,0,624,838
ELS,2022,43,3.0444444444444443,0,306,462
ELS,2023,51,3.4150943396226414,1,457,713
ELS,2024,51,2.980769230769231,1,497,820
ELS,2025,31,3.2580645161290325,1,284,344
EPRT,2020,1,5.0,0,5,5
EPRT,2024,1,4.0,1,4,4
EPRT,2025,1,4.0,1,6,3
EQIX,2014,36,3.2777777777777777,0,462,809
EQIX,2015,79,3.9367088607594938,0,1366,1113
EQIX,2016,78,3.9367088607594938,0,1364,1715
EQIX,2017,73,3.8767123287671232,0,866,1022
EQIX,2018,72,3.7567567567567566,0,924,972
EQIX,2019,76,3.7564102564102564,0,826,859
EQIX,2020,240,4.590909090909091,0,3728,2065
EQIX,2021,271,4.079136690647482,0,2706,3182
EQIX,2022,301,3.9773462783171523,0,3039,3354
EQIX,2023,257,4.137404580152672,1,2230,2526
EQIX,2024,336,3.8583815028901736,1,2824,3421
EQIX,2025,214,3.4570135746606336,1,1805,3675
EQR,2014,41,3.4878048780487805,0,593,691
EQR,2015,94,3.7422680412371134,0,1271,1607
EQR,2016,84,3.642857142857143,0,1331,1569
EQR,2017,76,3.7532467532467533,0,1330,1163
EQR,2018,93,4.526881720430108,0,2024,1195
EQR,2019,87,4.114942528735632,0,1474,1704
EQR,2020,52,3.923076923076923,0,914,1063
EQR,2021,143,4.006944444444445,0,1645,1674
EQR,2022,107,3.6481481481481484,0,1072,2418
EQR,2023,77,3.858974358974359,1,894,935
EQR,2024,82,3.926829268292683,1,1266,980
EQR,2025,47,4.148936170212766,1,550,456
ESRT,2015,11,2.090909090909091,0,153,404
ESRT,2016,10,2.8,0,140,289
ESRT,2017,8,3.5555555555555554,0,157,266
ESRT,2018,5,3.4,0,37,36
ESRT,2019,9,4.0,0,344,249
ESRT,2020,5,2.4,0,85,117
ESRT,2021,17,3.1176470588235294,0,109,145
ESRT,2022,9,3.3333333333333335,0,91,93
ESRT,2023,6,2.8333333333333335,1,34,82
ESRT,2024,8,4.0,1,42,55
ESRT,2025,6,2.3333333333333335,1,60,307
ESS,2014,18,2.3684210526315788,0,221,508
ESS,2015,35,2.7714285714285714,0,425,959
ESS,2016,37,2.5675675675675675,0,436,1139
ESS,2017,43,3.066666666666667,0,550,1075
ESS,2018,52,3.6538461538461537,0,779,1065
ESS,2019,14,2.933333333333333,0,155,163
ESS,2020,132,4.386363636363637,0,2602,1595
ESS,2021,131,4.0583941605839415,0,2176,1817
ESS,2022,139,3.8714285714285714,0,2746,2307
ESS,2023,89,3.888888888888889,1,1825,1142
ESS,2024,75,3.3417721518987342,1,916,1447
ESS,2025,33,2.9444444444444446,1,325,1316
EXR,2014,63,3.873015873015873,0,1406,1461
EXR,2015,60,3.540983606557377,0,991,1203
EXR,2016,255,4.114942528735632,0,5154,4676
EXR,2017,185,4.237837837837838,0,3508,3085
EXR,2018,229,4.363636363636363,0,3358,2574
EXR,2019,156,4.1835443037974684,0,2646,2690
EXR,2020,93,3.5257731958762886,0,989,1584
EXR,2021,255,4.0534351145038165,0,3106,3322
EXR,2022,307,3.996794871794872,0,4708,4922
EXR,2023,732,4.4481830417227455,1,13311,10667
EXR,2024,510,4.180769230769231,1,8032,7045
EXR,2025,220,4.049107142857143,1,3183,3251
FCPT,2021,1,5.0,0,18,8
FCPT,2024,1,5.0,1,12,5
FR,2014,3,2.3333333333333335,0,22,37
FR,2015,5,2.8,0,30,49
FR,2016,1,2.0,0,36,134
FR,2017,1,2.0,0,5,10
FR,2018,4,3.0,0,25,21
FR,2019,2,5.0,0,20,4
FR,2020,3,4.333333333333333,0,15,10
FR,2021,1,5.0,0,6,5
FR,2022,3,4.0,0,20,17
FR,2024,1,4.0,1,6,5
FRT,2014,2,3.0,0,32,45
FRT,2015,4,3.25,0,61,70
FRT,2016,4,2.75,0,35,111
FRT,2017,13,3.6923076923076925,0,230,187
FRT,2018,3,4.0,0,111,29
FRT,2019,1,5.0,0,5,3
FRT,2020,7,4.0,0,149,148
FRT,2021,6,4.333333333333333,0,54,75
FRT,2022,7,3.857142857142857,0,69,49
FRT,2023,6,4.0,1,80,63
FRT,2024,7,3.142857142857143,1,38,234
FRT,2025,2,4.5,1,12,8
FSP,2018,2,4.5,0,36,58
FSP,2023,1,5.0,1,3,8
GNL,2024,1,2.0,1,7,14
GTY,2022,2,5.0,0,8,10
GTY,2023,1,3.0,1,3,3
GTY,2024,1,1.0,1,2,6
HHH,2014,3,2.6666666666666665,0,23,145
HHH,2015,4,3.75,0,77,25
HHH,2016,11,3.1818181818181817,0,121,140
HHH,2017,16,3.9375,0,178,187
HHH,2018,5,3.8,0,77,72
HHH,2019,14,3.2142857142857144,0,258,507
HHH,2020,19,2.789473684210526,0,160,435
HHH,2021,22,3.608695652173913,0,305,321
HHH,2022,15,4.235294117647059,0,149,153
HHH,2023,17,3.8823529411764706,1,159,166
HHH,2024,14,3.7142857142857144,1,78,81
HHH,2025,10,3.0,1,106,192
HIW,2014,1,4.0,0,8,11
HIW,2015,7,3.4285714285714284,0,122,101
HIW,2016,5,4.0,0,54,38
HIW,2017,6,3.6666666666666665,0,84,59
HIW,2019,1,2.0,0,8,57
HIW,2020,3,3.6666666666666665,0,20,28
HIW,2021,6,4.0,0,33,46
HIW,2022,8,4.125,0,51,71
HIW,2023,7,3.5714285714285716,1,36,63
HIW,2024,5,4.0,1,108,132
HIW,2025,5,3.4,1,22,42
HPP,2014,1,2.0,0,13,32
HPP,2015,2,3.0,0,32,100
HPP,2016,8,4.5,0,498,158
HPP,2017,4,2.25,0,53,210
HPP,2018,6,3.5,0,56,144
HPP,2019,4,4.5,0,63,83
HPP,2020,1,3.0,0,9,10
HPP,2021,13,3.923076923076923,0,227,136
HPP,2022,18,3.611111111111111,0,191,169
HPP,2023,7,3.2857142857142856,1,70,97
HPP,2024,9,2.888888888888889,1,60,87
HPP,2025,5,2.8,1,32,52
HR,2016,3,2.6666666666666665,0,48,72
HR,2017,1,5.0,0,22,7
HR,2018,2,3.5,0,28,28
HR,2019,6,4.333333333333333,0,120,72
HR,2020,6,4.5,0,59,44
HR,2021,4,3.0,0,32,167
HR,2022,10,3.7,0,91,104
HR,2023,14,3.5,1,124,124
HR,2024,21,3.3333333333333335,1,174,257
HR,2025,9,3.3333333333333335,1,85,82
HST,2014,1,2.0,0,19,25
HST,2015,2,2.5,0,12,28
HST,2017,1,2.0,0,11,37
HST,2019,1,1.0,0,3,14
HST,2020,2,5.0,0,17,12
HST,2021,4,4.75,0,23,13
HST,2022,1,3.0,0,7,15
HST,2024,1,2.0,1,4,4
HST,2025,1,5.0,1,5,6
INN,2014,1,5.0,0,13,4
INN,2016,2,3.5,0,12,25
INN,2019,1,4.0,0,4,4
INN,2021,4,4.5,0,31,31
INN,2022,2,4.0,0,10,24
INN,2023,1,5.0,1,13,9
INN,2024,2,2.5,1,21,17
INN,2025,1,4.0,1,3,3
INVH,2014,28,2.5,0,393,656
INVH,2015,47,2.7346938775510203,0,560,1339
INVH,2016,48,2.6122448979591835,0,682,1441
INVH,2017,27,3.0714285714285716,0,216,352
INVH,2018,30,3.3870967741935485,0,299,406
INVH,2019,24,2.625,0,191,489
INVH,2020,21,3.1904761904761907,0,220,173
INVH,2021,95,4.181818181818182,0,1811,1088
INVH,2022,47,4.042553191489362,0,585,448
INVH,2023,45,3.217391304347826,1,328,737
INVH,2024,48,3.3137254901960786,1,436,887
INVH,2025,40,3.125,1,399,576
IRM,2023,15,2.933333333333333,1,349,453
IRM,2024,143,3.215686274509804,1,1149,1776
IRM,2025,96,3.1176470588235294,1,876,1413
IVT,2014,5,3.2,0,48,123
IVT,2015,6,2.1666666666666665,0,66,107
IVT,2016,1,4.0,0,14,15
IVT,2017,6,3.3333333333333335,0,90,112
IVT,2019,2,4.5,0,27,17
IVT,2020,1,4.0,0,4,5
IVT,2021,1,1.0,0,3,5
IVT,2022,9,4.555555555555555,0,171,71
IVT,2024,3,5.0,1,24,16
IVT,2025,1,3.0,1,3,3
JBGS,2014,5,4.2,0,64,40
JBGS,2015,9,4.222222222222222,0,123,94
JBGS,2016,7,3.7142857142857144,0,70,94
JBGS,2017,14,3.7142857142857144,0,135,185
JBGS,2018,17,3.3529411764705883,0,151,217
JBGS,2019,10,3.7,0,130,213
JBGS,2020,8,4.0,0,147,130
JBGS,2021,36,4.075,0,408,789
JBGS,2022,44,4.2,0,735,546
JBGS,2023,25,3.64,1,192,215
JBGS,2024,22,3.4545454545454546,1,191,220
JBGS,2025,7,3.7142857142857144,1,43,59
KIM,2014,5,4.4,0,53,42
KIM,2015,10,2.2,0,135,277
KIM,2016,8,3.125,0,129,193
KIM,2017,8,3.0,0,122,310
KIM,2018,5,3.2,0,46,34
KIM,2019,6,3.0,0,28,65
KIM,2020,10,4.0,0,82,104
KIM,2021,16,3.5625,0,102,109
KIM,2022,16,3.2941176470588234,0,104,218
KIM,2023,14,3.857142857142857,1,88,101
KIM,2024,11,3.5833333333333335,1,84,107
KIM,2025,8,3.3333333333333335,1,89,215
KRC,2014,2,3.5,0,14,23
KRC,2015,4,3.25,0,32,42
KRC,2016,6,3.0,0,97,65
KRC,2017,4,3.75,0,31,36
KRC,2018,2,3.5,0,18,7
KRC,2019,6,3.0,0,65,186
KRC,2020,8,3.875,0,53,116
KRC,2021,9,3.4,0,79,241
KRC,2022,8,3.875,0,58,127
KRC,2023,6,3.1666666666666665,1,59,65
KRC,2024,12,3.75,1,269,259
KRC,2025,7,4.0,1,135,135
KRG,2015,1,4.0,0,5,4
KRG,2016,2,1.5,0,19,37
KRG,2017,4,2.75,0,47,16
KRG,2018,1,3.0,0,4,3
KRG,2019,3,2.3333333333333335,0,40,40
KRG,2020,4,2.25,0,27,199
KRG,2021,5,3.4,0,35,92
KRG,2022,7,4.142857142857143,0,108,75
KRG,2023,4,3.25,1,17,22
KRG,2024,6,3.5,1,90,208
KRG,2025,3,4.333333333333333,1,24,29
LADR,2017,1,2.0,0,5,10
LADR,2018,1,5.0,0,6,5
LADR,2024,1,5.0,1,4,2
LAMR,2014,15,3.3125,0,181,269
LAMR,2015,34,3.1714285714285713,0,516,795
LAMR,2016,20,3.6666666666666665,0,202,220
LAMR,2017,32,3.5588235294117645,0,302,332
LAMR,2018,26,3.5357142857142856,0,246,308
LAMR,2019,19,3.5789473684210527,0,181,290
LAMR,2020,21,3.9545454545454546,0,127,156
LAMR,2021,54,3.625,0,377,518
LAMR,2022,46,3.7,0,410,591
LAMR,2023,65,4.338235294117647,1,820,546
LAMR,2024,98,4.418367346938775,1,1022,797
LAMR,2025,36,4.081081081081081,1,297,221
LINE,2014,13,2.8461538461538463,0,107,236
LINE,2015,29,2.586206896551724,0,272,442
LINE,2016,22,2.5,0,176,279
LINE,2017,31,3.064516129032258,0,277,600
LINE,2018,21,3.4545454545454546,0,219,218
LINE,2019,24,3.12,0,170,170
LINE,2020,52,3.452830188679245,0,348,531
LINE,2021,113,3.324561403508772,0,725,1283
LINE,2022,158,3.418181818181818,0,1009,1432
LINE,2023,135,3.195804195804196,1,919,1359
LINE,2024,132,3.368794326241135,1,910,1391
LINE,2025,79,3.3625,1,456,619
LXP,2015,1,4.0,0,10,8
LXP,2017,1,5.0,0,8,3
LXP,2019,1,5.0,0,7,2
LXP,2021,1,3.0,0,4,3
LXP,2022,1,5.0,0,5,3
MAA,2014,23,3.0434782608695654,0,308,584
MAA,2015,37,3.3421052631578947,0,437,613
MAA,2016,53,3.581818181818182,0,747,1456
MAA,2017,52,3.0,0,696,814
MAA,2018,51,3.4038461538461537,0,453,705
MAA,2019,32,3.96875,0,351,337
MAA,2020,50,3.6666666666666665,0,343,899
MAA,2021,91,3.7708333333333335,0,764,1049
MAA,2022,104,3.7155172413793105,0,888,1452
MAA,2023,67,3.5194805194805197,1,659,698
MAA,2024,82,3.6043956043956045,1,754,1668
MAA,2025,40,3.6511627906976742,1,534,482
MAC,2014,9,3.2222222222222223,0,130,292
MAC,2015,16,3.375,0,197,326
MAC,2016,21,3.0952380952380953,0,284,445
MAC,2017,9,3.4444444444444446,0,112,154
MAC,2018,19,3.1052631578947367,0,145,329
MAC,2019,11,3.4545454545454546,0,96,133
MAC,2020,15,4.333333333333333,0,146,119
MAC,2021,30,4.064516129032258,0,205,189
MAC,2022,18,2.8,0,119,321
MAC,2023,7,4.142857142857143,1,53,55
MAC,2024,15,3.6,1,151,139
MAC,2025,6,3.3333333333333335,1,46,70
MFA,2020,1,4.0,0,4,1
MFA,2021,1,3.0,0,6,4
MFA,2022,2,4.0,0,15,9
MFA,2023,1,3.0,1,6,5
MFA,2024,1,5.0,1,39,6
MPW,2022,1,5.0,0,3,2
MPW,2023,1,2.0,1,5,3
MPW,2024,3,1.0,1,14,58
MPW,2025,3,2.3333333333333335,1,27,51
NHI,2021,1,5.0,0,5,3
NNN,2014,2,2.5,0,28,39
NNN,2015,1,3.0,0,9,32
NNN,2021,2,3.5,0,9,9
NNN,2022,1,3.0,0,12,8
NNN,2023,1,3.0,1,5,5
NNN,2025,1,5.0,1,5,2
NREF,2021,5,3.8,0,91,140
NREF,2022,8,4.25,0,196,65
NREF,2023,1,5.0,1,10,5
NREF,2024,2,4.5,1,11,17
NREF,2025,1,4.0,1,8,7
NSA,2020,2,4.5,0,11,9
NSA,2021,5,2.2,0,29,98
NSA,2022,13,3.230769230769231,0,106,139
NSA,2023,39,4.35,1,588,360
NSA,2024,31,3.6129032258064515,1,270,382
NSA,2025,9,2.3333333333333335,1,61,259
NTST,2022,3,5.0,0,97,24
NTST,2023,2,3.0,1,12,38
NTST,2024,2,5.0,1,24,8
O,2015,2,5.0,0,29,13
O,2016,2,3.5,0,37,33
O,2017,4,5.0,0,127,39
O,2018,1,5.0,0,4,3
O,2019,1,2.0,0,4,38
O,2020,3,5.0,0,21,26
O,2021,8,3.875,0,88,44
O,2022,20,3.7,0,183,479
O,2023,7,3.857142857142857,1,43,178
O,2024,10,3.9,1,93,82
O,2025,7,3.5714285714285716,1,39,71
OHI,2014,5,3.8333333333333335,0,48,62
OHI,2015,16,3.125,0,143,152
OHI,2016,24,3.2916666666666665,0,224,277
OHI,2017,39,3.051282051282051,0,302,351
OHI,2018,33,3.323529411764706,0,181,233
OHI,2019,86,3.4204545454545454,0,561,590
OHI,2020,117,3.308333333333333,0,680,1051
OHI,2021,272,3.7375886524822697,0,1712,1567
OHI,2022,312,3.753012048192771,0,1929,2081
OHI,2023,274,3.757575757575758,1,2010,1930
OHI,2024,390,3.9066985645933014,1,3088,2626
OHI,2025,257,3.8484848484848486,1,1932,2477
OUT,2014,13,2.6,0,191,328
OUT,2015,10,3.272727272727273,0,102,94
OUT,2016,23,2.8260869565217392,0,254,456
OUT,2017,31,2.870967741935484,0,406,490
OUT,2018,15,2.3333333333333335,0,180,245
OUT,2019,13,2.769230769230769,0,137,142
OUT,2020,22,3.5454545454545454,0,289,315
OUT,2021,39,3.3902439024390243,0,384,525
OUT,2022,30,4.0,0,196,222
OUT,2023,41,3.7954545454545454,1,330,600
OUT,2024,42,3.7142857142857144,1,373,530
OUT,2025,31,3.3870967741935485,1,240,384
PDM,2015,1,4.0,0,10,9
PDM,2016,1,4.0,0,6,10
PDM,2017,2,3.6666666666666665,0,19,22
PDM,2018,1,5.0,0,17,7
PDM,2019,1,2.0,0,17,26
PDM,2020,3,2.6666666666666665,0,30,42
PDM,2021,2,5.0,0,25,17
PDM,2022,1,4.0,0,7,10
PDM,2024,2,4.5,1,17,9
PEB,2015,3,2.6666666666666665,0,20,55
PEB,2016,1,4.0,0,10,5
PEB,2020,1,3.0,0,6,5
PEB,2021,1,3.0,0,3,3
PEB,2022,1,5.0,0,22,11
PEB,2023,1,4.0,1,5,4
PEB,2024,1,2.0,1,5,3
PGRE,2016,2,4.0,0,29,25
PGRE,2017,2,3.0,0,10,13
PGRE,2018,1,1.0,0,4,12
PGRE,2019,2,2.0,0,6,18
PGRE,2021,2,3.0,0,10,29
PGRE,2022,6,3.3333333333333335,0,39,68
PGRE,2023,1,3.0,1,4,5
PGRE,2024,1,5.0,1,6,1
PGRE,2025,4,3.25,1,23,16
PK,2019,1,4.0,0,5,4
PK,2020,2,1.0,0,12,16
PK,2021,0,5.0,0,5,2
PK,2022,1,5.0,0,14,2
PK,2024,3,2.6666666666666665,1,13,35
PK,2025,4,2.25,1,17,70
PLYM,2021,1,3.0,0,5,4
PLYM,2022,1,1.0,0,4,21
PLYM,2024,1,5.0,1,5,3
PLYM,2025,1,1.0,1,3,31
PMT,2014,25,2.04,0,231,812
PMT,2015,41,2.8333333333333335,0,450,948
PMT,2016,40,2.441860465116279,0,453,1355
PMT,2017,79,3.419753086419753,0,1131,1354
PMT,2018,42,3.1363636363636362,0,717,635
PMT,2019,61,3.2063492063492065,0,796,1082
PMT,2020,118,4.254237288135593,0,1782,1211
PMT,2021,296,3.579804560260586,0,2780,3731
PMT,2022,375,3.0396039603960396,0,3363,6453
PMT,2023,165,3.0588235294117645,1,1199,2600
PMT,2024,135,2.9510489510489513,1,936,1996
PMT,2025,69,3.0833333333333335,1,536,1082
PSA,2014,153,2.772727272727273,0,3565,7023
PSA,2015,215,2.9954337899543377,0,4294,6531
PSA,2016,167,2.941860465116279,0,2932,5826
PSA,2017,139,3.115107913669065,0,2109,3000
PSA,2018,151,3.0451612903225804,0,2285,3193
PSA,2019,99,3.1414141414141414,0,1347,2186
PSA,2020,122,3.16260162601626,0,1324,1593
PSA,2021,203,3.2418604651162792,0,2647,3289
PSA,2022,167,2.84,0,1524,3831
PSA,2023,146,2.761290322580645,1,1213,2258
PSA,2024,142,2.7434210526315788,1,1065,2302
PSA,2025,79,2.63855421686747,1,607,1949
PSTL,2022,0,4.0,1,6,5
RC,2019,1,1.0,0,6,33
RC,2020,3,4.0,0,14,19
RC,2021,5,4.0,0,42,26
RC,2022,5,2.8,0,40,85
RC,2023,3,4.333333333333333,1,15,13
RC,2024,3,4.666666666666667,1,14,17
RC,2025,3,2.3333333333333335,1,13,13
REG,2014,8,3.75,0,84,127
REG,2015,8,4.375,0,67,59
REG,2016,9,4.444444444444445,0,108,72
REG,2017,10,4.0,0,132,121
REG,2018,9,4.0,0,44,48
REG,2019,6,4.0,0,75,65
REG,2020,5,3.8,0,28,71
REG,2021,16,3.9375,0,85,128
REG,2022,10,3.8181818181818183,0,105,85
REG,2023,11,4.090909090909091,1,73,349
REG,2024,16,4.0,1,119,148
REG,2025,8,3.625,1,59,84
RHP,2016,3,4.333333333333333,0,52,40
RHP,2017,7,4.0,0,89,85
RHP,2018,6,2.6666666666666665,0,67,298
RHP,2019,7,2.2857142857142856,0,187,729
RHP,2020,11,4.181818181818182,0,99,189
RHP,2021,8,3.25,0,66,86
RHP,2022,13,4.076923076923077,0,133,85
RHP,2023,10,3.7,1,168,354
RHP,2024,12,4.083333333333333,1,91,117
RHP,2025,4,3.5,1,18,147
RLJ,2024,1,4.0,1,8,14
RLJ,2025,4,2.0,1,31,137
RPT,2019,1,4.0,0,5,6
RPT,2020,1,2.0,0,6,8
RPT,2025,2,4.0,1,10,12
SAFE,2024,1,3.0,1,6,6
SBAC,2014,11,2.909090909090909,0,163,300
SBAC,2015,14,3.7333333333333334,0,211,147
SBAC,2016,46,3.9361702127659575,0,879,498
SBAC,2017,16,2.875,0,215,396
SBAC,2018,16,3.4444444444444446,0,241,172
SBAC,2019,16,2.75,0,184,190
SBAC,2020,128,4.636363636363637,0,1851,1016
SBAC,2021,94,4.422680412371134,0,1309,742
SBAC,2022,48,4.346938775510204,0,543,355
SBAC,2023,55,3.8620689655172415,1,714,657
SBAC,2024,43,3.2790697674418605,1,286,601
SBAC,2025,15,3.411764705882353,1,209,255
SILA,2017,1,5.0,0,5,3
SILA,2018,1,4.0,0,9,5
SILA,2019,4,5.0,0,133,30
SILA,2021,2,5.0,0,22,6
SILA,2022,1,1.0,0,2,63
SILA,2023,2,1.0,1,16,82
SITC,2020,6,3.5,0,60,51
SITC,2021,6,3.8333333333333335,0,26,31
SITC,2022,6,3.0,0,39,27
SITC,2023,2,3.0,1,10,9
SITC,2024,4,3.0,1,25,41
SITC,2025,1,5.0,1,8,8
SKT,2014,2,3.5,0,19,15
SKT,2015,1,1.0,0,10,25
SKT,2016,3,4.0,0,12,16
SKT,2017,8,4.25,0,134,102
SKT,2018,8,3.25,0,68,118
SKT,2019,2,4.333333333333333,0,38,17
SKT,2020,7,4.285714285714286,0,54,28
SKT,2021,8,4.222222222222222,0,68,68
SKT,2022,12,3.5833333333333335,0,84,211
SKT,2023,13,3.769230769230769,1,63,63
SKT,2024,11,3.6363636363636362,1,76,54
SKT,2025,3,4.0,1,23,18
SLG,2015,4,3.0,0,96,56
SLG,2016,5,3.8,0,59,51
SLG,2017,7,2.857142857142857,0,90,199
SLG,2018,6,2.8333333333333335,0,40,101
SLG,2019,4,4.25,0,64,31
SLG,2020,5,4.0,0,33,48
SLG,2021,11,3.727272727272727,0,76,71
SLG,2022,10,4.0,0,85,90
SLG,2023,4,3.3333333333333335,1,29,32
SLG,2024,7,3.375,1,41,78
SLG,2025,11,3.1818181818181817,1,77,287
SMA,2014,3,2.0,0,14,102
SMA,2015,5,4.0,0,60,78
SMA,2016,3,3.3333333333333335,0,19,16
SMA,2017,2,2.3333333333333335,0,13,24
SMA,2018,6,2.5,0,35,85
SMA,2019,3,3.0,0,19,55
SMA,2020,4,2.0,0,21,89
SMA,2021,7,4.142857142857143,0,62,52
SMA,2022,10,3.6,0,93,114
SMA,2023,13,3.0,1,84,185
SMA,2024,6,3.4285714285714284,1,40,40
SMA,2025,9,2.111111111111111,1,52,72
SPG,2014,42,2.642857142857143,0,397,1358
SPG,2015,68,2.9565217391304346,0,678,1093
SPG,2016,84,2.840909090909091,0,859,1917
SPG,2017,68,3.0285714285714285,0,521,931
SPG,2018,37,2.789473684210526,0,299,881
SPG,2019,42,2.7857142857142856,0,272,820
SPG,2020,59,3.360655737704918,0,464,756
SPG,2021,97,3.2755102040816326,0,600,1330
SPG,2022,84,3.36046511627907,0,545,1093
SPG,2023,54,3.169491525423729,1,442,757
SPG,2024,67,3.3285714285714287,1,512,758
SPG,2025,32,3.303030303030303,1,217,494
STAG,2014,1,2.0,0,6,35
STAG,2016,2,3.5,0,18,15
STAG,2017,1,4.0,0,11,11
STAG,2021,5,4.8,0,115,51
STAG,2022,8,4.875,0,168,44
STAG,2023,1,5.0,1,10,4
STAG,2024,2,4.5,1,12,8
STWD,2014,2,3.5,0,66,37
STWD,2015,2,4.0,0,22,12
STWD,2016,7,3.142857142857143,0,55,58
STWD,2017,2,4.5,0,9,7
STWD,2018,4,3.75,0,28,23
STWD,2019,1,4.0,0,4,4
STWD,2020,4,3.75,0,36,32
STWD,2021,6,4.0,0,45,24
STWD,2022,4,4.0,0,22,21
STWD,2023,2,4.5,1,12,13
STWD,2024,4,3.0,1,34,78
STWD,2025,2,4.0,1,11,11
SUI,2014,7,3.0,0,74,129
SUI,2015,16,3.5,0,155,186
SUI,2016,21,3.619047619047619,0,314,272
SUI,2017,49,3.795918367346939,0,644,632
SUI,2018,24,3.8846153846153846,0,324,321
SUI,2019,44,4.136363636363637,0,743,496
SUI,2020,27,4.0,0,333,208
SUI,2021,42,3.511627906976744,0,355,564
SUI,2022,33,3.5,0,311,423
SUI,2023,39,3.902439024390244,1,449,376
SUI,2024,26,2.730769230769231,1,190,527
SUI,2025,32,3.375,1,316,492
TRTX,2014,4,3.0,0,42,36
TRTX,2015,13,3.5,0,177,367
TRTX,2016,16,3.7058823529411766,0,179,214
TRTX,2017,20,2.95,0,206,256
TRTX,2018,14,4.285714285714286,0,138,84
TRTX,2019,18,3.5,0,149,191
TRTX,2020,18,3.4444444444444446,0,113,151
TRTX,2021,33,4.114285714285714,0,348,553
TRTX,2022,19,4.304347826086956,0,170,212
TRTX,2023,27,3.9655172413793105,1,227,313
TRTX,2024,34,3.789473684210526,1,255,254
TRTX,2025,22,3.272727272727273,1,130,374
UDR,2014,30,2.28125,0,384,838
UDR,2015,39,3.128205128205128,0,515,597
UDR,2016,42,3.7209302325581395,0,568,647
UDR,2017,56,4.178571428571429,0,2029,989
UDR,2018,27,2.814814814814815,0,353,386
UDR,2019,20,3.8095238095238093,0,217,288
UDR,2020,33,3.5757575757575757,0,231,243
UDR,2021,56,3.533333333333333,0,478,989
UDR,2022,72,3.526315789473684,0,780,991
UDR,2023,40,3.2325581395348837,1,363,674
UDR,2024,48,3.306122448979592,1,398,465
UDR,2025,29,3.466666666666667,1,250,336
UE,2016,0,1.0,0,3,29
UE,2017,2,3.5,0,22,57
UE,2019,1,4.0,0,82,20
UE,2020,1,4.0,0,3,4
UE,2022,3,4.25,0,19,29
UE,2023,2,4.0,1,13,16
UMH,2015,1,2.0,0,5,6
UMH,2016,1,1.0,0,11,12
UMH,2017,3,3.6666666666666665,0,24,18
UMH,2018,2,2.5,0,6,23
UMH,2020,6,4.0,0,42,56
UMH,2021,6,3.6666666666666665,0,44,46
UMH,2022,4,3.8,0,24,20
UMH,2023,4,3.4,1,22,52
UMH,2024,2,3.0,1,14,42
VICI,2019,1,4.0,0,11,14
VICI,2021,1,5.0,0,4,5
VNO,2014,5,3.0,0,61,105
VNO,2015,9,3.1818181818181817,0,99,111
VNO,2016,8,3.25,0,59,99
VNO,2017,11,4.2727272727272725,0,93,101
VNO,2018,10,4.7,0,73,57
VNO,2019,8,3.375,0,55,115
VNO,2020,5,4.4,0,55,44
VNO,2021,12,3.8333333333333335,0,83,91
VNO,2022,6,3.5714285714285716,0,39,44
VNO,2023,9,4.555555555555555,1,102,55
VNO,2024,6,3.5,1,33,26
VNO,2025,6,3.6666666666666665,1,75,84
VRE,2022,2,3.0,0,30,54
VRE,2023,4,2.5,1,25,41
VRE,2024,7,3.857142857142857,1,135,152
VRE,2025,1,4.0,1,12,13
VTR,2014,1,5.0,0,11,4
VTR,2015,4,4.0,0,82,80
VTR,2016,3,4.0,0,55,69
VTR,2017,1,5.0,0,9,5
VTR,2018,2,3.0,0,39,52
VTR,2019,6,3.5,0,68,165
VTR,2020,2,3.6666666666666665,0,18,19
VTR,2021,6,4.0,0,41,41
VTR,2022,12,2.9166666666666665,0,82,237
VTR,2023,6,3.3333333333333335,1,110,234
VTR,2024,7,4.0,1,45,38
VTR,2025,6,4.166666666666667,1,110,55
WELL,2014,1,4.0,0,4,6
WELL,2015,2,4.0,0,38,33
WELL,2016,11,3.6363636363636362,0,169,137
WELL,2017,21,1.8571428571428572,0,291,1219
WELL,2018,9,2.4444444444444446,0,126,385
WELL,2019,8,2.625,0,188,334
WELL,2020,4,4.5,0,100,27
WELL,2021,9,3.7777777777777777,0,63,81
WELL,2022,11,4.7272727272727275,0,383,119
WELL,2023,17,3.8823529411764706,1,133,216
WELL,2024,12,3.3333333333333335,1,75,266
WELL,2025,16,3.9375,1,272,204
WPC,2014,3,4.0,0,28,34
WPC,2015,3,2.3333333333333335,0,57,66
WPC,2016,9,3.111111111111111,0,96,143
WPC,2017,14,2.9285714285714284,0,188,355
WPC,2018,4,3.75,0,89,103
WPC,2019,2,5.0,0,19,13
WPC,2020,4,2.8,0,39,28
WPC,2021,9,4.0,0,58,45
WPC,2022,10,4.6,0,71,35
WPC,2023,4,4.75,1,32,17
WPC,2024,3,2.6666666666666665,1,21,12
WPC,2025,1,5.0,1,6,3
WSR,2014,2,1.0,0,11,41
WSR,2015,4,2.25,0,18,32
WSR,2016,7,1.4285714285714286,0,92,127
WSR,2017,3,1.6666666666666667,0,26,48
WSR,2018,2,1.0,0,15,64
WSR,2019,2,3.5,0,32,36
WSR,2020,6,2.6666666666666665,0,100,151
WSR,2021,8,4.25,0,104,35
WSR,2022,4,2.75,0,33,38
WSR,2023,4,4.2,1,122,49
WSR,2024,1,5.0,1,6,6
WSR,2025,2,1.0,1,6,171
WY,2014,42,2.9523809523809526,0,475,1041
WY,2015,53,3.5660377358490565,0,563,632
WY,2016,61,3.467741935483871,0,636,882
WY,2017,36,3.0,0,392,792
WY,2018,41,3.6341463414634148,0,325,473
WY,2019,23,3.4782608695652173,0,182,241
WY,2020,38,3.3076923076923075,0,300,521
WY,2021,84,3.689655172413793,0,569,597
WY,2022,75,3.923076923076923,0,540,459
WY,2023,46,3.3617021276595747,1,327,521
WY,2024,49,3.6862745098039214,1,324,423
WY,2025,36,3.4473684210526314,1,243,423
XHR,2016,1,1.0,0,7,20
XHR,2017,1,3.0,0,5,2
XHR,2019,1,4.0,0,6,8
XHR,2020,1,5.0,0,4,3
XHR,2021,0,3.0,0,4,4
XHR,2022,0,4.0,0,5,3
XHR,2024,1,4.0,1,7,8
XHR,2025,1,3.0,1,5,12
